011255761,34.34448361027226,4.853907810929482,244.0216820001557,32.977108939431695,5.300614818256874,274.28895225818275
011255851,24.09458659325318,.43223520057332,4.664518725634522,22.44480889470777,.5500476122531386,6.689297117055416
011255877,33.247599762127464,21.079386711600666,2213.9525473670665,31.720262090534,22.45156217360027,2415.2423460789887
011255926,59.32239325837875,2.993164617159219,138.68408555741527,50.21515564084478,3.76688491721562,186.6079883710678
011256096,34.02012935759581,6.233441881875639,361.6146565954339,30.36589476055324,7.4165267147249665,456.22959268218773
011256098,114.8774723166038,.030520375947786314,5.388067815661259,37.15028683726358,1.1218663528569794,33.32387145016286
011256100,56.37862898281637,5.650877370340252,374.14633238119256,53.81860641945054,6.487653166986986,449.82445698406906
011256116,47.07635601113899,3.743768568846741,199.40672190766725,43.48714436254734,4.200498442337476,232.48683926031134
011256119,30.064392587682818,.3248249713885922,1.398636719672778,27.652587437000577,.34893576535258,1.706499501698529
011256244,75804.20773451711,.5092875002194811,.162316862851545,70901.00628839662,.42528789724692845,.5862339769782392
011256374,422527.16647669865,-.46354508004452283,.26141728678671683,2336.8691151781445,.003874340660036741,2.349621996119149
011256444,12098.528520641567,-.9837027238859698,11.018689900427049,637.7956547411486,4.343406803316965,181.6170375635701
011259422,24097.346832446125,-.11855850782955568,-1.0890124934971832,16159.48820823094,-.2431717277105469,-.30003307141968083
011259642,168.48063424734573,.3933415232468593,6.291036384709818,91.02909035905331,.9274363310683092,18.446927732664967
011259646,120.06057529535167,14.129041100477844,1000.1853503218488,101.78127257315106,18.034607154503473,1402.0828890313528
011259647,285864.57165448205,-.034243561660162625,.27492412152847434,38935.70597449047,.052116403357273175,2.403273524458042
011259679,47.50321943566468,.43426769899338175,4.517025042357811,30.273405158125694,.7353970876827457,10.995394535802994
011259686,1237.0717456102282,-.6175344342289651,1.646188096235341,259.82783334333357,.16679274954972573,3.0582223365587984
011259736,229.59042935324766,.44099745583608163,5.444739520710163,189.58453956022868,.5465735045229837,7.443834002357205
011259741,116.75031828658202,131.1302731274492,23083.47396357642,114.86688121544076,134.40709105156137,23857.14721039349
011259749,70.76622055199498,2.478543141092685,106.63892282602832,60.39165394834839,2.9858031188392897,143.81099325586726
011259754,1401.7536531240605,.1554584559182765,1.8296892838884373,459.33163072267627,.757564480757125,23.665670874323144
011259788,72.83933515663924,1.2394429951771369,46.91019581186938,36.04449843597445,3.6905271045531496,192.1366210497155
011259829,1134.1027379887885,.5703971473360597,13.473216068146854,820.1548338140739,.8177134951124826,26.243997330328007
011259872,660.1093395966253,.014346068441170258,.43390015562733586,158.886150895523,.1902967218676988,3.7518772007669092
011259889,960.1827304486019,-.20281346563930172,.059713020637924163,394.3283733455344,-.03271155035599087,2.269486245184547
011259916,1393.210539705344,.22377955543249597,3.2109641215719824,1080.1041091476654,.3317093910920164,6.526857846541684
011259967,267.8807519721126,.004329781304328514,.07361141203979704,237.69953358750803,.03233464379378915,.5840780890416855
011259993,2724.801299163403,-.2781237061479504,.44268378137727327,167.86010266186955,-.0043486298933805255,1.9313963774390324
011259997,29.328400406529084,.23273449509547767,1.462821438289196,25.47723860129013,.3117180769728221,2.614947107806211
011260007,24618.380052407545,-.07229747825014403,.21834256342970582,18746.371447275862,-.0219274498720183,.5178728906315073
011260021,65.51863844713176,33.66069136486593,3666.87978221173,56.22380855746712,42.399238210440494,4988.950303684668
011260044,42.756378247722346,2.1593953306964058,63.55163159738474,37.15656670831378,2.690467174767755,82.3629654282514
011260053,587.2271878167617,-.008210083271747357,2.4872706095091797,52.38503452167518,.391969421289991,4.4144326218999925
011260078,41.083141088658834,.7005774080241716,11.811711207003345,28.909616111361647,1.0308012089450993,24.67071717168152
011260100,45.112820108687444,13.439925982714485,1006.4039952930476,41.322588897340005,15.24354859028769,1186.961417443474
011260102,79.93101261030306,.9696282166619041,30.653639283754572,46.187259698191895,2.1659827800498386,94.36942395468684
011260104,29.380363866777042,.24711609248044836,1.1485758661194518,25.74117649894342,.36428578932486305,1.4495093259116336
011260109,740.0199036430316,-.1551596964564083,.2820897686302679,285.2668266756439,.055121384304886265,2.910027342920279
011260130,32.334910644355695,2.140731370261345,86.08306229616274,28.770196072420077,2.5999800360185206,116.03410970659083
011260146,62.1604567847819,18.598278306500923,907.9765816771823,58.00298637129523,20.56668062568264,1039.4385589452284
011260190,32.6026443728027,.9786056335968406,19.459352785182574,28.618366493017366,1.144121691637578,25.874001331665166
011260279,10292.10901362176,.02368826137017214,.10380558273386464,7507.948823412521,-.0020396790130780963,.602048912195956
011260303,663.775937820173,.2893653789714462,6.546443846116766,536.5365373525495,.3144290961927583,9.004418141346148
011260307,31787.03519036431,.013031927401667087,-.05604267715355382,24678.579589097928,.025358759753500795,-.03621103501411138
011260342,159.9359269036662,.625892653124504,19.196932704334134,108.48732260974998,1.2329509730816788,42.399545381045364
011282447,79.65136830585686,27.99505418311243,3249.1596842812487,75.65984137020449,30.16376879843243,3590.462471557119
011282479,3782272.895420122,.0922394477047294,.17388640952033407,2595949.7896577846,.15540417667835163,.9951606393847605
011282500,26.8564163938204,.9631270485555763,9.87216757672055,26.228521790156936,.9547869151781596,9.941049637750156
011282503,43.141066732175155,1.0610444073040923,28.454476303652452,40.665211957959706,1.16059539225048,31.648179871379547
011282518,42.37406425879275,.9253038379926336,11.022478963876388,35.828762756449606,.9924466274418748,13.323730767643369
011282540,43.44380306072801,.2766752649600284,7.532361146727318,28.108751457457494,.8634913268081027,17.388828458842827
011282568,31427.49377133135,.005578828730192841,-.012899658159775118,24656.131062375072,.003398192975642862,.4064081849319039
011282587,86.1447293502508,.4947099215775644,8.048888422484254,72.14484930505928,.6541345171184761,11.426427117621737
011283638,63.42428862517684,.421216022195399,6.320823341881953,49.3614224323005,.6887006301686359,10.008020676655535
011283681,376.9397039008809,.2971769635193478,13.61614552515093,164.87417876343116,1.5725166749048394,71.77938777399909
011283692,8329.855838651234,.032037783023253455,.13870205606165742,4656.256002586276,.22897611574365156,1.2215205472752624
011283700,59.70261745342273,.3184344812241394,4.3634077247227925,44.629616441002675,.6207021472288634,6.433654329807661
011283744,35.95785592908082,1.275533354710871,28.2241733005116,32.70070699168865,1.504380964434987,34.544601876795326
011283780,204.9623010190834,.5527380721865232,19.748737964728573,38.47959344949955,8.00265030459207,553.9653832623344
011283797,654566.9906232386,-.349135179083825,1.355292522553981,34673.41113698981,.07189942396688648,3.689466484978343
011283805,13322.626788773152,.1442838292591807,.35362250772150805,2643.764828456622,.4759872314528554,8.056324709317463
011283847,635.2892846706095,2.7616417885904303,152.3892817307765,161.18500970142594,22.159632060143636,2274.1374944969148
011283856,403.5463494531628,-.03612028576573399,2.3178656126738932,97.63303995552457,.58225503547238,10.578477313837535
011283879,73.64119942952397,.23053668855089607,1.0703784234787976,66.9296681592995,.2708637934155358,1.2868810697942337
011283893,21.98727165886617,.6152981989117241,2.8492770661865583,21.34434281354967,.6454821109687494,3.102106645211734
011283905,58.60519907059406,.3406367941031034,6.831693069612072,43.736284453268404,.6122873358653458,11.705558137820033
011283989,70.68612504935258,.2613550624902547,.8557120206817186,54.35056746947008,.39054351273393334,2.0079464632292625
011284004,120.18126337048783,1.169390608611849,38.00371665606112,107.28230660129547,1.4027515117428555,49.01220735936061
011284030,216.3668838292885,3.041053589790288,155.20649658328747,121.97136033500911,7.083175363219133,494.3460850446166
011284051,65.81104547279986,11.45547359092398,928.1242661544866,57.286585846927295,13.997541124794473,1224.536958865998
011284111,65.63303541574257,-.01164550386913015,.925586040392933,41.791350286118,.23828091753257685,1.5399540222189767
011284131,126693.20498827203,-.015434213613804088,-.09338583797396138,88994.14766375264,-.036596704791875566,.5430775116526543
011284178,6699.907800399488,-.1599577474850415,.4027222127679435,202.36623819847802,.7018689763935864,15.398351495802881
011284185,223584.72523377775,.7965387527797358,11.05850648018065,91296.34571053718,2.48983849293272,55.2947706062823
011284227,283147.7707316442,-.05343305396902366,-.6632494682677863,200694.5422681818,.007012743009660174,-1.2378274002221459
011284239,386.3534479063051,.36480562563264557,17.252230537499194,313.6905631762847,.47845371792026165,25.17585363782131
011284296,28.016445179511095,.30365291200546835,1.5118788536836076,22.413500749090584,.4298534670187737,2.057486482611245
011284307,42.29167386277604,.6017466865664275,9.614309366731788,37.767131553693275,.7059336217694643,11.69919518692328
011284332,20.819186255941613,.8158782866422097,9.18930806550182,20.187777213633414,.8473761852720684,9.228265995891167
011284343,36.004409470802564,4.305671801978621,232.7341263682673,29.258977296663467,5.886885758203094,348.80252828436477
011284371,149.45613918992063,.16788761626557305,.8011395927357152,127.20645673649705,.17731215077218285,1.0778117324700238
011284378,169.7193715096329,-.138525130921592,7.094943735660728,40.6783394042456,2.007460476027953,84.63927768438613
011284400,189.06288528770907,19.567016562313878,2106.6905713079886,69.33197702548523,89.68516397370138,14908.772599288697
011284410,30.911665626684915,5.505298264599669,328.16352681250714,28.241600499410715,6.373000383605592,398.46997351804407
011284441,49.48219744488797,75.03586758211152,11739.074467004019,47.61044355098779,79.60145089358605,12701.15131171393
011284475,40.17938647830622,2.715338930889694,126.24856301352196,36.18936471154291,3.292774993756915,165.21825039529884
011284496,1775.5274501308236,-.0007360638022519428,.08831526499127573,1566.6433196666433,.0026342504883016967,.2428906706807541
011284547,16499.23818697015,-.050905492905517435,-1.127350107242251,16273.995510784784,-.05487002237478675,-1.1200850453497864
011284551,28.565902522456838,6.770627725029849,392.31699841068394,24.969174918816204,8.348264150968815,518.2485330440942
011284598,24.257888267205505,1.1662104935192266,18.507504367317157,21.361156867853143,1.4777395708111059,25.13783868404391
011284601,33.07856554479903,.29623114311783316,2.8069149806484575,29.253466496592907,.37380243574086325,3.6212746215310077
011284608,70.44429740946029,.20831337490607169,1.6665815583424735,63.30971446377216,.2533525336545591,2.092536098631739
011284655,1264738.9729488601,-.008924711380618944,.9147932844148934,33836.24908291499,-.006917201354159949,3.246386798388447
011284663,21.511642421180465,.4460694319312132,3.358285101998349,20.794392677506764,.48906380576765823,3.6592540097032566
011284664,88.1595428703299,1.7899726772230935,72.21174213458592,81.084766444216,1.9618723703071792,82.12878374640361
011284671,43.92691591079071,.48572697320460917,9.766385847862319,39.10964311571006,.5318305750101626,12.668332115978215
011284684,20333.89052376006,-.19311914574784414,.16463132811197,16323.885775739383,-.122795922113001,.5533943094525853
011284704,44.95487596013956,66.6907803514843,9863.825997721455,43.34991204290063,70.16310700663549,10553.21174448805
011284715,14259.553912873625,-.42978949863456367,.7869056611736363,372.5041981972299,.867483414474386,26.20032337705397
011284727,19.959945313462562,.46517050240880486,1.7559040861946755,19.081938308093914,.49126299273829704,1.9488872950324714
011284733,49.25774581383532,.10178287772108127,4.519848512147141,37.82572141965723,.2584472909418576,5.103769918657738
011284754,64.42196754455753,.317861918611802,.7198020303369845,44.72862852872297,.20224286680221493,.886030709620004
011284759,207.78128830805585,.15343825204412617,1.9293254021574358,102.05812122405986,.4102154059793095,6.133573139335029
011284760,20767.622002071916,-.007715406435919957,-.09924862976467796,15358.582484014943,-.04616009306601638,.4967517295905486
011284821,5586.831453714017,-.03990516488023525,.05114262593161678,4076.91544319687,-.005851245511192975,.4172250877855457
011284855,29.455778395816672,1.0115280336285029,8.709304833660713,25.833222884952324,1.0810195963384828,10.576941046431259
011284894,50.24158043172119,.2978883911274349,1.669433441960516,44.824595093801385,.3574397977992516,1.9394435141335196
011284895,170.13657641229128,.12489242370550946,4.079079370590193,120.35463561949295,.09641154505859463,5.5335039863778075
011284903,15993.183096006705,-.12262325462664575,-.17341842773207716,983.6806969749827,-.03158757405708354,2.22798071446232
011284923,918.9351955054763,-.5029219395826885,1.5753819374902376,36.55339113116921,.1610592614783015,1.9379759920370478
011284931,59.063512750035834,1.3314255893572366,46.84319910907746,51.21703951088593,1.5947585267825575,58.6922847588503
011285018,90.07786462149991,.2785951311605609,7.002597458693394,56.85491231493628,.8108336245405497,17.62093207422891
011285045,322.18973467050506,-.0676877841337587,3.3490827249726323,247.39410797263972,.045588010054885796,2.6225338655444457
011285053,23.708846731029293,.39925803398450177,4.435224777368082,19.4311762319645,.5209560921062992,5.98088953630751
011285101,2319.433545903968,.09013456324178669,.1213747896795212,1295.8482216113364,-.007022693162320436,1.3935431432395058
011285120,144.8319725541593,14.744503719260678,1303.684972365053,83.18109135090643,33.71213070530293,3914.621669257106
011285136,2591.1775620913368,-.14130595131416132,1.2761074035563178,1211.8892083638466,-.16870555022158784,4.524819534144536
011285144,33.96276142663511,.14149330108219266,.7226461690406851,21.192111519163014,.29266499725502165,1.5300394125960608
011285175,1518.7657990072823,.14837951013751935,-.7716920185116938,99.6523160557913,.04654114429023583,.9458539824025429
011285181,26.750563428650455,.4605281125760129,3.6799063072025593,24.027563849364192,.49298572926321993,4.430973532507426
011285188,76.83274685421043,18.187682118049157,1768.3741629054882,40.04853856027545,47.87866909182747,6430.002685985418
011285197,29.591306150131608,6.426176070380233,398.3303844172395,24.03096314392783,8.79307205411048,603.9419880947506
011285200,96.33891685960813,.18427846348888205,1.3780012602483973,66.3096566913018,.3050567294106726,2.707693151375227
011285201,74.43594378291222,.19757608147517702,1.1741724471638362,65.66413430771611,.24470001518220455,1.3633403707626295
011285203,19.134582310163573,.4122540052249336,2.3455902297118545,18.1265299378812,.43031718442010025,2.702697672881401
011285206,1155.8999897894425,.22186201709005068,3.8323469732615685,543.8546710436107,.208199716885434,15.698592525761075
011285218,21.79259457143987,.4767044925975917,1.5438848418140312,20.99687686968987,.4769712431593123,1.6810401629489728
011285226,25.60211501730385,1.6854515493761175,60.493168755608224,21.11079529194174,2.229303845690005,87.92781486242924
011285251,84.25811492539528,.04376880050417541,3.044878237155479,36.44361112623854,.5821864830010316,9.763574404283077
011285286,11296.477218920045,-.016935510086588067,-.2783878453975377,6711.096806341866,.03185031732976874,.5179210594370627
011285287,674.3873836946271,3.649783581778326,165.2944958284702,139.0060840552895,39.38157752793197,3818.3535673108713
011285295,20.90792967540823,.7184845344499764,8.879031708748238,19.729009329195172,.7723482718985444,9.924111043814163
011285303,38.36859308510268,1.4493415428443772,37.72114849695128,35.14291235725452,1.6308558315549255,44.656071655894095
011285384,24.873031694854152,1.0936437016957636,21.010525686359667,22.978226679177563,1.2229817739203535,24.770677567377287
011285388,106.13406112131928,-.6886875430408563,9.021429164373544,30.640475741931926,1.0544654313074493,22.962084553479627
011285416,57.28152399348635,27.522709164437213,2926.3278969364546,53.24720961741612,30.791003604029353,3398.356290843522
011285430,38.10883622149669,4.039737055921851,209.33861860688938,30.994778328999438,5.392721197387819,309.4101993216439
011285433,10463.598423117806,-.020544279690976438,.319384764652046,7665.9774549690555,-.021617769489156526,.9892048523100438
011285464,305.23941437040656,14.149891235632143,1271.3986474040653,238.95320155252745,20.620048383049255,2099.099058762995
011285486,33.37895628386716,.4074761199975608,4.0511030194525715,30.195833042716583,.4825171525420888,5.06966816886017
011285496,1626.223441566708,-.17914649025407323,.36884677846441605,162.0444492114781,.1397006793383449,2.1347822120051516
011285524,82.74962765807294,.5918960850362184,12.16261371787615,75.67892870075119,.6786768255324004,14.93804350663694
011285542,33.468026383064704,1.9602491525120451,63.85497528565352,30.53533719392333,2.2401214554266153,76.81171661246304
011285543,54.4764260638078,.6146278661802281,4.312435811017567,45.69580202692064,.7089655412350586,6.3925947873253435
011285544,24.414342827308896,2.265943034155502,42.239269579204446,23.64406402406443,2.4330793262088273,46.557511277123595
011285566,32.31587069877627,.37003592173925326,3.018621676892865,29.1701028313371,.43686366189133513,3.6491763681828653
011285578,72.9359126550261,.014712832836316506,.8665059851476764,38.425666195094564,.34140080815583396,1.6679399343547336
011285625,1017970909.883179,-.2458291372961521,4.455196583552743,772360724.7861432,-.6475058898170821,6.7356621398062195
011285639,32.51282015747535,.4804249648478501,7.704774247959577,27.94617532663781,.5949605177713967,10.159740299138896
011285663,480.4206814541763,.141422211081486,2.6211558689408365,230.43713337089187,.10694821320553939,1.7296012461850534
011285690,803.114558266038,-.46161682202769977,22.74625735888519,57.40120998943786,19.426369056927115,3137.9135419265144
011285694,342.6792744915112,-1.3957696695103174,7.5242412515834545,45.90745247750125,.6831671185187964,21.810430207156653
011285712,1819.5888796076165,-.1091412146072252,.9532426439125219,1505.6894912264167,-.07853319534016169,.9968838147831409
011285731,151.58886738682725,89.92628729554305,14921.794619047605,124.34089975316044,121.41076709853918,22269.11597224261
011285767,45302587.95989583,.1994884849476085,.8786048329059266,39018523.459081,.09723557997467909,.24473430066315593
011285784,33356.289722051995,-.2300192240152687,2.614484158831824,935.242681065808,5.389568600029946,140.32125449619355
011285786,975.5676340030174,.0011041144141917957,.5078844884430684,100.49549068645562,.815803879941323,10.142009822173218
011285840,93.59405023851801,.6340966442781247,17.5682072058878,38.30589602219639,2.6916089237229057,98.39061874311444
011285862,42020.49351556573,-.1936063491365608,-.675740053050518,5560.487951573594,-.012779235407482959,1.393446401524046
011285870,32.796286464330805,3.498403334628525,182.7558816846451,30.48499428633768,3.928886642923892,212.34666984040527
011285886,59.13023467481769,1.5528461927664996,39.99637772793227,53.32239514374924,1.8531541520849952,50.60533812178937
011285935,27.776453691094122,.3974572259518707,1.8526232575816444,25.68212128648757,.4091836069296488,1.9097660402349064
011285959,171.70180921736593,-.037536180403395944,9.398532519507086,42.09542236962573,.7030959046264966,12.057274155860435
011285983,89.39228074726161,.6351354870095616,19.763844372238143,52.87133398244797,1.4608987655231125,45.6540644811182
011286059,137.30119322805035,33.96636504258089,3360.00640964956,83.21928312324778,71.1951978537289,8992.625508963778
011286311,251.85107073724515,.6473429804194039,21.428052880283925,41.11549582636959,10.687782113549154,319.63569436361774
011286321,97.001888062579,.023013527449644036,.21466988557931543,24.687058441423016,.13798926435919015,7.027689426706559
011288807,28.280415811823605,.08639576846215737,6.132602671282028,15.580002177467756,.9153500390119956,15.859753721075009
011288822,21.4166125044213,1.9038835947597952,43.40546018548202,20.710101916199562,2.0152930426228113,47.022577148719854
011288876,97.39524634294052,5.554230971709723,302.3730536888843,88.18248301381743,6.50106975410183,370.84486786190877
011288888,2312882.357344242,-.004895270881598334,.022349046303949294,1289468.949018913,.04592996715845421,.8189088819023138
011288932,16.718320268475996,3.783380538591044,188.03982047446044,15.938715916240962,4.011317211236651,202.03564980582547
011288956,28.864107823515365,1.109160582420272,38.645621914269974,27.141860996960496,1.2325365650015103,44.39003476931852
011289003,2652.190380785089,.008182925057648206,-.32718776088069346,2505.5751984776743,-.0017994005983516742,-.4603612379983111
011289062,41.14045286737127,.38343082648899096,8.806478995270743,37.87300712153562,.3691501090415282,10.687616728073229
011289128,437255.68671603873,.06019018616608908,.5803690448476533,75252.60621150033,.008644899048616952,.6537875708727912
011289136,46.02103165780924,.8154563178857906,17.39866665693522,20.651160052340387,2.9241621426141076,64.98925785087353
011289151,25.22900443552146,.282565317021411,3.6542214229487353,24.131101223997565,.26879491064830846,4.1799563064457175
011289178,826.3125713568304,.5136363129041129,23.88171894208026,105.11308610230525,19.348016784819144,1899.9489480412194
011289187,23.057777876147252,10.31614145043475,744.7134075940526,22.04891506546316,11.033874077869726,816.3018376496103
011289217,170.11341877353516,.11470031495338073,3.6329973111620957,150.44558948749022,.1339696710361329,5.161712137217766
011289252,207.0822052442679,27.375586879850974,2866.226932665582,131.3498266059834,54.01622022446925,7037.243227263648
011289292,263.7310212898349,.037906227818042246,.16199444923099238,227.94248475125502,.026097048835391736,.22426640602432846
011289314,687.00035047118,.0827935919763163,.8506739131582188,566.3285071263892,.07456888985312556,1.5143968299453068
011289335,44389.24419007058,.009736310806395712,-.014007899588355244,32936.199984239334,.02492211659980296,.573548085910605
011289351,161.07512789006208,1.3547597530768254,46.0389273794273,91.27645770240827,3.199996471622401,139.91574081973636
011289360,56.53323310601353,5.344542383414287,268.42273369242923,36.155716251533995,10.436808667915006,665.9238656980392
011289385,20.900313821625964,1.9260144741651546,44.75419520996982,19.350315241185072,2.0700230084650815,47.993287705958444
011289403,17.32852277916379,.25508203659019574,8.10133094723741,16.106369563090734,.2553944599112746,9.438818167167195
011289409,253.97760406123334,29.56731677786326,3391.569591973539,142.72542963767924,69.70738195318066,10633.795295833426
011289465,301.58781215097224,.14407010596687053,12.697794273170881,42.58139650951064,7.895549170066737,529.23253262925
011289507,235.5410839256443,-.04884934687953407,1.9504436587613672,42.68391029025842,1.7075149189724326,52.50994169038313
011289515,130606.24858255264,-.06468435323808495,.16979846748302485,63026.34726823985,.028091381072739913,.6686005817353089
011289527,99.52672962673432,-.5947457565566734,5.757807011958359,21.259237776940772,.8530708259781411,15.958672764510023
011289546,21.825846319220897,.48227342749231517,2.9717125678955414,20.487198448455263,.5186056322379139,3.426333841043938
011289563,27.331529782290726,7.618243811079431,448.2044123932685,26.39334208609612,8.066946851892014,484.52667727254715
011289583,62.42209595231345,-.0606667115373209,2.899878228261664,35.066362943625684,.4788941122685017,4.104691147088804
011289594,18.621864120838428,1.0785060099677553,22.13500730738764,17.92402254716266,1.1553507810054773,24.00388804682338
011289615,205954.41062160346,-.17507998765786,1.3416047593188116,71407.74749048369,-.021824224822688438,.33204678110055763
011289635,2291.681354546838,-.033169143861361494,-.04937205197107852,1768.916937011587,-.003907688692228712,.42085520666858534
011289660,22.864522529819087,.35187585906615604,2.747027106889843,21.880069562321243,.39150422088285025,3.0484542276253173
011289667,18.812387302990295,.3172911486117412,2.573487875295929,17.12367578990337,.4059138392669857,3.5969640641067446
011289675,7628.49284518664,-.02216777260665336,.07368954866756328,5484.898466599037,.03942992788697198,.6054109860712309
011289685,24.458460858726653,.39493110776626666,2.233000169318661,23.494232216989438,.43087873558654916,2.4361462600935635
011289717,25.15562563380546,12.221164486224632,932.7827107181115,23.621381115308907,13.608903742973284,1076.6964144557342
011289756,2553064.103559726,-.03672275899697631,-.10120180087529596,1878811.2636630833,.11730970024226348,.15002576352720176
011289759,6689.3052093751285,-.033060679619417666,-.06902847766742104,4889.0207672985025,.03305551917851811,.4711493754710454
011289760,17352.288313071076,.13478959039537317,.2126277406597179,15730.396954502425,.08844260748227244,.5229789320363283
011289770,32.55275714864429,2.9024250228988357,106.28997827880427,30.736469572954487,3.1105511088734557,117.49358651245238
011289778,17.256556577862558,.6063266543733377,3.208757976679891,15.665138263632793,.6928574464083841,3.732438174179981
011289799,24.5134927057978,18.852820068421273,1509.3655807977357,23.906399234790587,19.48006954342298,1575.7059527669999
011289822,117874.9561953009,-.006482730798281602,.09445538363681383,97437.59726742264,.00608155942442439,.32996149308054434
011289841,183.88888928889247,.5439331932404025,19.111186690013422,36.84347704204343,7.187393518562101,389.4750666896174
011289852,250.63924378708404,-.008993703828801995,.02996227764398851,167.7937665594625,.11014115097474451,.1879245129480407
011289893,25.55395810739199,.38930013220952303,2.064181128895936,20.071400469016414,.5922132274842069,3.3824140737776194
011289899,79.97602221293616,.22646093563607336,1.1693015648784488,73.38416804658475,.2441513932681465,1.4267536156490666
011289905,261.6079008056393,-.11104897830056315,3.6773563814928245,205.7394195756833,.16702659876817907,2.5362085264535956
011289922,26.941201763824296,.3223616469084769,3.074659092953066,22.534167051583086,.36912410262174133,4.848214277642323
011289958,258.53561898624537,1.5162514612049398,65.01577930652098,180.5546460650741,2.567121774048738,130.7266741903331
011289984,17.05007355799476,.35184103948245166,1.0445371762799507,16.637509815998186,.3839547196377092,1.1755641958245695
011289990,18535.07111304713,-.048077935454850625,.02284506497715899,13721.990181832662,-.03784616517498356,.5500618576466638
011290006,24.12516841018477,.5603911871139519,9.727012543158008,22.261936854007427,.7478871247394058,12.635472885327545
011290141,33.58733903335205,.5349267337708952,5.875524370359477,31.667095185074274,.5025622497668232,5.0293598718027255
011290167,51.15721947643507,.25360931417879806,1.4162461466987804,47.95705169873973,.26436021343036803,1.6618321614862381
011290173,1361.2365459337468,-.2455834614604693,.6901299804894703,77.87284782747282,.1943234982429444,3.8713093015926097
011290178,24.536208170823006,4.354628835503029,203.15181743201455,22.22904545400722,5.042234642946865,247.37671646048767
011290189,926.4980508314223,-1.3139748157482876,6.02254238286651,40.425386963945336,5.982502325239884,347.0416278535644
011290197,2307.89067705345,.1673909148881762,1.6465085516920483,878.6196314647804,-.2366107752711842,8.427963546032828
011290225,58.68635183194948,4.29177091794061,186.477477535982,55.56810627453577,4.598132134756119,207.09182081813987
011290291,92.58668654546824,50.31675781228526,6898.478403347309,83.67309942332759,57.27442253390362,8196.77092459864
011290298,1867.1480194275166,.6378167429757117,18.534418516585237,1548.1997014793978,.8663749301917553,27.996075044427755
011290397,1092.6068702307523,.014192931755218581,.18909883779660763,933.9230090709144,.010933731958038104,.44879823893986037
011290469,69.27344541726715,.4302774577995387,5.483940206717181,65.84542720979108,.45173904668137077,5.998298979762604
011290476,71.94877316384338,14.41030829425396,1289.0523998590656,66.09600779630594,16.431960619674715,1535.8620878635868
011290515,452.1778032761842,-.1646698447753657,2.526932909425361,203.53236784247682,-.02035696524518543,7.308759850211583
011290555,31.341557524696015,-1.0366380639439121,59.91208389155671,28.453866566946612,-1.2424686525488398,74.70046332642339
011290580,503.56055087404303,.08656929291501853,1.1376526287457036,423.28992618012273,.16167201280230017,1.4488617807399837
011294155,32.75920145275377,1.1734367183822132,32.360274957413154,28.878055962876463,1.5138516860407314,44.524466112027625
011294170,5858.8062305878875,.00479190906527463,-.20462299572183662,5405.551554781356,.02845394050086614,.09691142451868773
011294195,119593.51803802678,-.01800758802310024,.025596786859433784,90381.46947428276,.016311193407371326,.44513101683703704
011294218,202338.3348957462,.0708525372637197,.013698877448772073,125154.54692547514,.06994218025581696,.8874860530429558
011294224,32.008195896719535,11.494178592895398,853.2026777343632,30.16271258485934,12.592311362652739,961.8379934985578
011294250,17.860962673026776,.12090101455024958,3.0130697170159246,17.394708708143458,.11532968495575519,3.115643339198357
011294273,53.85147438634882,5.348688612281151,330.70753280315967,45.488428512643615,6.647102807817069,441.79481329427165
011294343,42.161262985111506,.09936770673941149,3.480935493899308,26.47513288332749,.19399950168959118,7.392522017372023
011294380,10095.566640983821,-1.8045442833850243,66.04196748638884,821.3475217090437,20.178257160290517,783.1198475515965
011294394,241378.994338403,-.01697064984708095,-.32094950954039936,181719.90804315667,-.11512194248238242,.23884191066140215
011294407,16.128285744784765,1.0033070444231373,18.21007565841346,15.06249600791572,1.102990113687655,20.780439372286093
011294425,26.00628733435752,64.21133048575658,9980.979421909951,25.427481259925006,66.22839709314891,10402.809995495107
011294453,1718.9719100041739,.17442465600050044,-.43646080591032543,316.7002837627342,.08249639553442065,6.4147012725628585
011294471,89.24994752088791,2.6358400234964505,119.74453292647344,77.63690319997309,3.2837280718501427,159.58332770582155
011294495,21.940003136260056,.2672605714732783,2.7116251813940426,18.699047276590854,.3502310559686176,4.083522586173568
011294506,19.665681512265028,.3394479917885629,10.74974280335826,18.827768549241682,.3434470505973372,11.942471451589368
011294519,1918.4772738963743,-.3978200336443107,.028173470933416933,1030.4117645217927,-.35618866960242507,-.2949765332859764
011294612,260.7872484297814,.016680187092721063,.25608493505917407,230.80260303361086,.040017200584083035,.39497867760435046
011294618,106.6138731833929,11.49685017259971,602.8693525732368,65.4077140282756,23.398523838310798,1580.766829821124
011294663,29.81664987763794,17.15204711746565,1541.281151781958,28.117656178799102,18.78969564516923,1739.8153688983027
011294665,67.40532951365587,.11935627098335527,1.2339147936362362,18.113673642576988,.26591077413580927,1.7713030050793828
011294688,22.48195390624289,.2882026458387638,3.8704943423449345,19.85425849890013,.31395547805244506,5.03548599653838
011294717,853.5224951074401,.28348691671919524,36.623928965446986,475.0522866845386,1.2571005368573371,53.22186803160208
011294748,1464.1515612763424,-.13406834239260806,4.764089039651188,187.75828383002624,.0819699147470768,6.135785369687239
011294788,22.797702739480847,.9268772801076591,18.517411342237672,21.643052739857644,1.013277087480177,20.39582790131845
011294808,840853.3481610597,.11550470132151577,.17771389104398416,796662.2340630301,.22475568582240915,.8534440913139525
011294811,50.71962239942058,.10613970714896967,5.961773616328513,46.95614885858234,.13160413296552667,6.9298946111722906
011294849,1159.4851341519952,-.10893019088371002,.5626666605658177,45.82415456411642,.8012197767583614,14.04657068313075
011294883,56.1894388141196,.1743014469997523,3.0597785875207126,50.337494258292324,.21313699461113267,3.850539116062132
011294920,3067.7262170724684,-.02008315088536271,.05027775249394839,2206.092302945713,-.024045770256330076,.5736043441973857
011294931,469597.4820809909,.020343964094912056,-.17456995934238817,436216.43805516633,.026864102751953663,-.14732030091962178
011294980,220.5502142805712,.2103894947299175,6.149939168484602,68.29253359756967,1.5493672813548853,47.37171661026489
011295008,21631.88119730719,.02690140100439867,-.06713127159516663,12616.630631514123,.0654294865013785,.6371009710218085
011295026,51068267.758521125,-.10912009828813346,-1.3497133713142302,51065112.794838555,-.10803229983560433,-1.3369253803172076
011295061,218575337.6395586,.09496694126069463,-1.5118088561169487,8485737.14581276,-.18516420690997262,.045712525410086524
011295063,19.2571329871647,.141120689504922,2.115854813355244,18.234704445223176,.15755629912855004,2.626053555197572
011295085,2390.007040511978,-.12724201434348906,-.056583649013416615,1353.3712545621527,-.15280498780369575,.6465743684652732
011295104,31.437490889979237,5.913644869891851,418.11126376006547,24.143410697719748,9.125411616863577,738.6055499790409
011295109,42.78137452222409,.7579556838103977,15.113984209494891,39.83936682093588,.7926831119502371,15.47449220482726
011295112,2011.2788701182674,-.19406541626064105,-.3800031731805604,602.2412920237967,-.01987415512713716,2.218366847757287
011295149,32.50634814144022,23.22092484382171,2616.5496155614883,29.96112510132985,26.22937575734237,3075.1955538374195
011295197,45.625629969130294,.24951500322297948,1.0816878968711325,42.0105438637719,.2715501231892048,1.207925302036644
011295217,19.258279106247937,.29885500298268286,3.376966416107334,18.21325843818996,.3387461170165773,3.847313429560643
011295256,1520.73935770655,-.30161792666360315,2.8200756734414885,48.09740229794628,4.5925043920644155,312.19089628492947
011295277,101.7128451548602,.15866879053833963,1.6909034880957101,95.70575892649856,.17630546723717727,2.000264126542553
011295283,18.74350190933364,.5119439582520375,5.088736589161755,18.20397374348903,.5401027457431061,5.587895887791712
011295347,4346492.117579137,.027430569202465338,-1.4484549316777013,4311611.419470103,.026838879176627015,-1.3295296843131275
011295349,43528.687762803434,-.0954373674759671,-.8728424913295472,40353.50218554547,-.08962905615940711,-.974105048800014
011295350,26801.26947910838,.04895117063597425,.027850728097024824,18759.3286466514,.08189751460214502,.6998877083236255
011295382,118.90085386590042,4.400327645011383,255.62487658934225,75.91281952170137,8.872966032460978,657.1152123407458
011295383,5026.390956095069,-.6832414031999636,2.0733350791464034,102.24468122393985,.3636310385280255,6.223965798152234
011295395,5630.246240710647,-.3795417106622225,.41050268479580376,106.57500308359036,.2246525781381753,4.033445652105174
011295401,38.67418328549193,1.560026657289062,61.920921641591406,32.57877996572434,2.1283634665306037,88.71201516931276
011295417,35.99629442339279,.2897067419644263,3.6001884631946863,33.39847234182339,.31827069157538446,4.148933752756585
011295426,12080.820933670402,-1.9802645068330673,10.151774274676526,9532.834356123083,-2.567876862322807,13.97391136576626
011295471,121.92906494073318,.03967989851606237,.3280914438137934,113.67647159275562,.043848871034146975,.4706865249483245
011295541,18.803569731088594,.5656547973650284,6.84570723518164,17.823352867897633,.6198406692512232,7.6864059132923614
011295551,17.182076518746264,.29317496181899366,1.3224020066265707,16.66665629477032,.29562844742092886,1.467414232554077
011295558,26.667037377616964,.6339519965441731,10.30017898562847,25.37351129252978,.6780004851590604,11.160710990115678
011295560,78.35405884240068,.13154410635621597,1.3898637740875417,46.191636899357974,.31663092684695454,3.4203489375409966
011295569,84.58809643626437,.8761151282854027,39.80118412136427,40.69143843912576,3.228118707008219,177.98835826079605
011295573,80.67196019896662,87.17711523308421,15408.015200535894,76.98815816290369,93.37560742878273,16883.02266221136
011295582,2006.6969777488623,-.13139181289265187,1.1181613642402137,334.55384128742435,.5370616948052976,12.458009398725158
011295607,38.11029455126081,.27446937624862383,1.0430963634304113,36.48083161196385,.2548518384731067,1.0082431578655608
011295623,25236.16405083129,-.18866346147672683,.5207853797398276,738.360632955205,.03517281541221465,2.581033838882054
011295627,25.670476979377053,1.1658382457675245,43.09982470872226,20.574487926082213,1.702190555851533,66.27653971013568
011295645,319.2560548038309,-.12817212099415706,5.374283877007393,187.52518040711504,-.29251234449911984,16.477862165423584
011295647,7506.786531225513,-.29910341131438367,-.22024467214604826,179.525121496097,-.02621693461082109,2.455720077008884
011295650,62.03646127744061,20.484275899221267,2146.4135943585998,56.74934001070897,23.38175740210846,2561.197804169253
011295720,8711.1031418566,-.01526982918187015,.05756866434745822,7163.099791147085,.006368876706941035,.3494754149816117
011295729,1056141.459451786,.06643567895108039,-.4986710685708826,1056502.1921860818,.06793752989484912,-.4920583455407104
011295744,104.26009175506543,22.475810652627768,2534.1552498378724,70.27208410765046,40.147696253207016,5478.716243622645
011295753,7132.815648402067,.020327885432731667,.025977779748810548,161.5195374046028,-.11168723428592915,5.945699519017676
011295759,18.976778837903336,.39032466371332697,1.8795150485978187,18.530809766968492,.3887591205331313,1.9345451401364988
011295802,33.70492220870617,.09875336384742586,.7214084925712783,21.431659266125127,.25315969445373704,1.29032054313031
011295805,2799.164620243938,.05769909764954931,.8871117509539777,2153.264913350063,.08397392229692474,.9808592736676989
011295820,1378.8575776244152,.04637030946759934,.7970411350252595,1088.9146269638884,.07259429730317482,1.565736611086428
011295823,21.861143717339523,.8239669498536554,30.123278966690428,19.588504805053017,.9031755169611367,36.559243305897404
011295831,23.332955466129214,.2976768156437462,2.0133962047223735,19.757209452223034,.40642137652641125,3.22256225564404
011295834,16.749447619436975,.028189608933391307,27.124354353890304,15.55540739949176,-.07689716227798052,33.75048946047132
011295851,13293.328818877188,-.021896899384297903,.24500886626544105,9631.894203867685,-.01498561705780852,.4367179460894821
011295854,2684.285215619209,-.37250453785047405,1.1623520721933245,94.16969428214907,.04327725041264962,2.115587048620996
011295878,33752.12296553071,-.22802560250785744,1.1421830002454376,831.7906218843357,.1179546809753088,3.5625363313669043
011295919,16.84570259042276,7.415045739048279,550.1698430367944,16.503083016867226,7.722422483238183,580.7647664337698
011295947,35990.28337469398,-.3888210612807892,1.6996581268638558,13247.026687432617,.12856682020691892,3.391474509277213
011295949,13.975474335914063,.251888762677722,1.5020666685014712,13.343730594992673,.27730201767621965,1.721212021499264
011295970,17386.43118576592,-.32001492038552576,.9494002229700249,1681.1454757848674,.12089835037566185,4.59361073965061
011296045,925.7077554103143,.09142286983326646,-.3002540598231156,567.4322247930298,.041380761438842874,.5316539996884031
011296048,2179.3841876483984,.025088437743270003,4.292882304886163,410.0971922705742,1.9940885255452738,94.38100156037693
011296084,8358.7718987678,.037487716978568064,-.06836627006533824,5199.515739624129,.042511324677325865,.8473171117712233
011296117,28165.781482365728,.06665208587967911,.139833340132983,1208.418917137291,.11226220839080134,3.1886265910504656
011296164,16.600525672844096,8.085449236772938,597.2448939247631,15.848061574007588,8.720113042540733,661.7179539681584
011296182,23.816097548861805,.7030996790914142,12.193695357507446,22.64016101932471,.7418359303256491,13.5744830196196
011296205,40.34784817568202,19.607299905348313,2075.939482183379,39.02819558827789,20.357640602891113,2180.904730903312
011296211,31655.17404834167,-.023056753966105632,-.023450669646722933,22863.81973495159,-.015099377897131436,.4285155771914946
011296220,1639.287489652943,-.3862010242634743,.8158864315912489,79.91192650902936,.08869163309391297,2.995204113403261
011296248,462.92412223960247,1.1924744304271881,24.077599360567955,52.63682430991824,6.100850861207168,218.74600792249777
011296266,1127451.1591903197,.05825002780366231,-.8244470482387314,1072645.4192116265,.03927921453638165,-.6535412322574126
011296306,69.58141096497403,.23152010460626782,3.559157796006268,61.90283143102292,.27212691029307073,4.27032184368567
011296368,24.953183057899718,2.968014602210484,134.469977288442,19.174935168858404,4.462599795553379,231.40342416886477
011296375,2976.102927739589,-.26467463667676716,.6205499014443836,216.97730769004875,.07449265759512169,3.0116631435619583
011296384,42.72757166883693,47.38742949166085,6714.501577949702,38.141041588081194,55.93692643911854,8383.31037971354
011296401,89.39096444897731,.14606036292595684,1.4470099271868717,82.84882686151079,.16354512825321008,1.6316411011545062
011296410,18.0604996064743,1.85097279971232,67.60298768048233,17.554374080581493,1.942937678896298,72.1504277493278
011296413,15.669572427385841,1.3271009254768522,35.03777820676958,15.226929817581834,1.3971931696765867,37.275051450985075
011296436,32.72393415330436,9.066395377230824,625.0186721952867,31.85718416784254,9.44415784177082,659.1992340255133
011296437,119539.04791029445,.11079836255294002,-1.3811594055068737,8735.215338383832,-.012624139844731904,.18689893876625518
011296464,1522.9347055831608,-.1140915179072477,7.042261411829475,1205.0205027666943,-.020485727703652066,7.742024474376205
011296476,378.6783217958192,.1960191958681293,5.483052147433332,223.51796950826966,.5122591164678871,15.346768517575356
011296512,90.07781302082216,.10723885616327342,.8066857254425401,82.83620482225193,.11090468981654701,1.0537847390559731
011296538,44.54467745457067,5.320647222970513,341.94722876941967,36.28762243417514,7.392504275614334,536.7726811158165
011296561,1113478.76778902,.05326913895891611,-.1233319652361029,409656.83826501586,.04879518076983736,2.3009789431601657
011296574,398.0713213620834,.16724586684066284,9.855241810012025,368.7171978392771,.19833267652263897,12.077971337728927
011302791,861286.4715512316,-.001586363814049874,.0025344107210201194,663334.4964788757,.033998759272966785,.3748138995616057
011302824,24.31427790178025,8.577468364830255,610.9995693682937,22.23320719939468,9.790015911868588,720.6099107350224
011302847,190.6446832546015,-.17430621451729678,4.498253062891137,64.42185751748708,.5198004077809262,9.62574802552427
011302891,125.68661925147254,.21015640349476872,1.3242435193600368,21.8821525429313,-2.0259797759655958,30.476295491149493
011302899,230.83075066923544,2.2371682601260905,96.27477664979511,183.34790915061927,3.272374811266364,156.4659967287511
011302907,54.65813576072844,2.2183617256393084,53.63845082155353,48.416903863698764,2.6662747079880136,67.22502290953177
011302930,373.9254330176758,.07396991330289011,3.7301242136222,235.37087169164766,.23497669429538326,8.829725468852063
011302942,33.53379660865029,.9605669589057185,26.723829201167046,32.06117913990719,1.023020534771821,28.803369918372137
011302995,669.6728333389549,.15564023123963866,18.608909650842858,415.87772624368483,.5254783055427271,43.884454299239344
011303012,34.72647793305623,1.4700519423665006,41.28803472601404,23.795810121703855,2.72010057482417,90.18046031694597
011303061,88.53175875290249,3.3618212793758167,168.61249588760273,81.63094271270677,3.764956385450519,196.68488806552256
011303065,584.489635389052,.008239806101425676,16.76958811029975,517.335327979546,.06240265561015766,20.082439185642578
011303084,72.24183406851917,.771196396818316,17.68939393096773,65.09585695545209,.952463154452804,23.2992276397727
011303090,934.6817869252068,.2072019982736013,3.8439195062456415,871.2062709372915,.2883269175380027,5.069987958356279
011303100,64.17993095780379,.5221429224087795,7.943886968440529,57.696077760727675,.5811776898627892,8.892841463559137
011303114,39.137591492482215,6.703483698801872,485.30133360778797,32.88505420542492,8.69305882488241,682.0847196286567
011303142,21.068754966092893,1.2697720740646499,25.01458447416901,20.135207916462505,1.3322226719707564,26.148236482688894
011303181,107.98294384221643,-.684713354931217,23.75612073721131,27.093917482677774,-1.7452234357495369,117.0849094227772
011303188,22.682332005120493,.3200218413370112,2.434833124838635,21.66707315344808,.33629797074863077,2.621956637744262
011303195,9713.86442840949,-.3776266924679918,.9620410380921398,163.8091981360717,.3936781863850838,35.29404444400991
011303262,34.993500757447514,3.4479647339577735,140.7386511950274,24.8499856567024,5.673359930831628,274.91541817102944
011303268,58.12245337898993,-.4347461230276848,22.899216623314917,48.9238368439729,-.5808093229452381,33.6513934352228
011303289,2302.2055868484636,-.26438465057383526,.29918487997592935,119.63067461111999,.1953594352454899,4.665504230407722
011303308,303.89248743591287,-.13260399837566392,8.350416403208008,28.15816099338967,8.463309776380012,669.578053239121
011303322,52.82232807602054,23.64851154473948,2703.701708793036,42.425167396821685,32.835662989226286,4187.432501210833
011303352,441.36369287651183,.9740193809239442,9.937903588704136,170.48618042253915,-.16384959622707573,6.562540741550938
011303355,24.178755152818088,4.370991379627846,244.87623312667486,23.35702172100369,4.410542615709985,246.88183564384752
011303368,29.522048293656635,1.9861763575222613,68.8525546538518,27.532210674545464,1.1374575086986738,33.866240572466054
011303381,2772282.8002248732,-.031009081814876237,.1612581867164593,967494.6490545548,.2049353505045482,2.002688974643517
011303388,35.92005984882074,4.687129379328986,233.64296354220414,28.55345558721823,6.57405587573998,362.6937912739322
011303391,969.3221910660152,-.467171368281389,8.964935983478991,44.57622895152399,34.08154873031691,4404.15826977702
011303410,2982.1789197403114,.0353978782642788,.05815232430630202,2109.3509046857944,.03441995847498078,.6621028171806391
011303416,753223.3979031887,-.09221480767097026,-1.2731856160530328,751757.7379530751,-.09282238379459049,-1.2585973760570872
011303433,67.73807578501628,2.2071100942929505,92.98720395329148,53.86819926938102,3.2203351122718407,144.7678785894238
011303442,44.96067732270198,.23002588566132506,1.769486015903147,42.97388327126845,.2562251719754664,2.0964948721071064
011303472,94707.0116353277,-.07599637252845128,-.00414986975851761,2052.1045895092684,.03820109231415595,2.9188982038312403
011303492,4159.177036062246,-.1764078544749922,-.32304405903769373,382.2059780747463,.47026187377569095,12.645649146832653
011303501,35505.576929414085,-.5482917246961805,.9537001824583342,643.9890978208314,-.04844614736917051,3.216607116406726
011303521,19.731067304113598,1.1945063989264542,21.361065219332804,19.239111567628502,1.2574900758380039,22.96334624943413
011303526,13988375.118314262,-.20167419633257722,-1.3132227057978096,13920080.907711692,-.19851784352307214,-1.2638824051236954
011303532,19.735993004147506,10.809512627280489,858.7238738669145,19.182446046018935,11.225158367130884,902.7381938303408
011303555,233.90549988966782,-.2930440498806228,1.4675619748412307,78.33086059459676,.2489306151970299,2.054469372257965
011303565,110.10018305555509,11.47857183666445,1018.3465028758894,100.07045487575148,13.411935628109369,1257.6665449714706
011303575,57.29597716076078,58.26361107592212,8232.588469931972,54.6325518809904,62.600294987306896,9062.958370174489
011303579,1588.263582275692,-.3786577641973102,.2457244829366143,120.14586540513467,.25983268432608597,5.739577252440064
011303590,30.613305068515626,1.4291511397170176,52.17809154365943,24.28802831964185,2.0485180350145233,84.72696413240627
011303591,1171.497271198965,-.1712474432985309,.8094662137657544,167.35746271604387,.2628133943158104,5.467473873414001
011303614,41.90967041767213,.00634789583580969,3.25252716649251,18.46102569950702,.492552896495893,11.179043056510253
011303615,23.598655911817918,31.430324351610025,3733.330497505013,23.031648433739868,32.87148942366675,3964.3842081806174
011303627,20.11264597109836,.3836664871152805,2.099209425736637,19.210931296992772,.4250869838904365,2.226299681569162
011303663,48062.28427158574,-.17675377188089952,.34771073208436576,3569.7326359035264,.018566903134790126,2.5769456917079063
011303766,104.5153549683799,.1069838405728282,1.0922417977967296,59.72754256895878,.27941627296426685,3.3621061143748134
011303781,56.91455635912923,.213477814822756,2.7472011059483075,36.323062349576524,.5913345693524275,5.586851111771075
011303819,54.114988635824105,.4888101395192245,7.3197952258123085,42.556251406197354,.73812230827981,10.9998571898454
011303846,37.02334688276308,.18282006560841357,2.3664735910140973,27.401351412224905,.3934283641135182,3.73455341995538
011303871,20.554677119092506,.47987366303546575,4.80279594038687,19.69084816891278,.5111134090787053,5.238549907049606
011303912,22.43455531412384,3.595242832852884,73.39682691223838,22.108329474511436,3.6094077648423912,73.9980195438299
011303920,20.35709985251516,1.6040522095953462,46.94873314575508,19.6162101002532,1.8510435103840588,58.167829880598696
011303943,47.157670386727766,.5676075428009311,8.949282392224067,39.44224011521289,.803616151892575,13.395352221781277
011303945,29.144242296502693,.25319666066216373,3.0792156928245724,21.00765162573816,.5313194788041511,3.9727241075864503
011303969,39.09320546430029,1.0542249911586639,38.54257663101312,29.821457109897928,1.7060682594372245,65.88801532110189
011303973,18.1355403780027,1.3841959479440096,34.75098482444596,17.386865298032497,1.5054609916080586,38.614973246536785
011303994,36.13413643203973,.22279242320296086,1.3058263960945764,29.751170773768646,.3076589042531388,1.9354279754827965
011304014,32.307687902840826,3.397180450203286,161.2222683041623,23.87973867258923,5.420467041960245,302.9031610747744
011304031,21.789348098633045,3.4513827088373885,151.12186889700658,21.2879954296058,3.6256457788133902,161.15035186287173
011304041,19.043157168782606,3.2824451196508333,151.45199180086408,17.204696031689785,4.226711683155996,213.77436852022092
011304044,59.279754598201585,99.38063113365888,16402.131524550914,58.61258941974543,101.31887345227787,16832.274136247055
011304046,34.719320068495634,.21747277336912663,1.892599292824328,30.299123492229644,.3023792509631069,2.4841959199440264
011304093,38.53985740118718,2.7638561577103267,130.18887345135195,37.30141577382979,2.9249606583310626,140.74227776284263
011304151,19.019006370329265,.5726798040998551,6.193033835516445,18.24274660844185,.5955068521227324,6.541302269039274
011304156,1265.6298809836776,.13020064058273925,2.936056526781358,278.6191693536904,.3886801934699784,6.096948979251479
011304194,99.4288478318433,.2974252466556367,5.719503834976164,80.51109265239188,.4857711312304801,8.743965602346703
011304196,23.36831470426785,.6012720238663445,5.490569141232809,21.587896604313585,.6863425111985996,6.337961425418381
011304230,2266002.9840012863,-.41802865778687637,.09878122164250724,198163.39273962326,-.057580406098632686,3.1969634421141873
011304241,74.85133888704242,-2.052304104312028,48.87414435960684,20.340693310051687,3.2498485998586504,161.77944731597069
011304242,80.02361135681042,.4126752029574449,5.152674986102362,69.68814792487431,.5659665972320198,6.860285918092728
011304269,98.87706449927461,4.331421321925444,270.8194886682175,81.85362654244673,5.694990417637878,391.0697316580449
011304273,26.901162773041545,2.8720740704361196,99.54661534274979,26.336604824561025,3.018898536380329,106.17838454348615
011304294,411.189367321055,.047781825476306244,.6039086096469641,170.85670859666754,.04689535850350589,2.197470460224812
011304304,26.09420775303258,18.480289967159194,1902.9029442267154,24.922194366250086,19.741375994292657,2079.1439721010347
011304326,24.5028986777108,.36614751904129894,6.238938541663346,23.163171848443383,.4335234446585818,6.958828348858258
011304344,444.20863928236463,-.08417431389100231,-.04252369200421846,365.8300502105934,-.10514106342818245,.4438466086254116
011304358,14.84810735513813,2.0807942402305533,52.35271131556745,14.294429455042781,2.2300424311280835,57.1103072882187
011304370,86.36221350601238,-.07533282562906392,2.0618306573503586,18.43708409260608,.5427069266913913,4.276102025188565
011304375,20.88179266212746,10.37469892643721,871.3576919103288,20.47669187611333,10.616053061564944,897.4114605751317
011304390,154.04927709712902,1.060546445704115,32.15266269693976,97.13567320506183,2.086720394830827,83.61066040348858
011304436,403.8151597045764,.10301316968043642,.2816812182715527,207.65256799974418,.13249075705307273,1.6881178350557802
011304440,6588.359183555217,-.16804903664012572,.7119392795331558,329.3142636425877,.06640560471685972,3.3757343524440495
011304477,54.37597508670691,5.423565971313865,291.47409371712916,51.46689305848547,5.827486385087762,319.3520807174247
011304481,3393.8145069519014,-.020174613073236345,.07604517442676739,2585.4341172130967,.005236178923624011,.6091483587031625
011304499,256.1117303096875,-.0297083637174639,.12674392953381242,26.481853394720204,.4496465896010632,19.965017653032458
011304518,112.02704031694185,.059407232590558454,2.2059536720314554,87.20766541412719,.1024664327873333,3.6205149271818025
011304531,1026417.9569482724,.8345889905620867,-.6859814612061457,68985.51197321276,1.8162374421205958,4.950525601060688
011304601,124.5107767994958,1.5807004663778468,45.32498549511885,98.77782327434721,2.254335691714788,75.50542621599344
011304663,185.9749481856102,.2199833576271637,2.744059587848895,168.55376894735906,.2598887306245611,3.2910365499268766
011304675,207.5145645026395,.047872037765456225,.11769761363240194,180.59998650030857,.06879430143088235,.2686401745670062
011304690,21.003705584111003,.33761166049707275,1.2570749360661377,20.393722287314514,.3551870900649086,1.4088108924407852
011304728,57.532996194212146,.37065486465822256,4.2530097097786905,53.48721804153039,.401509014571456,4.544378623137345
011304756,508.6511172824312,-.26754191886509704,2.6524477406106497,164.53363294112748,.10399939048651333,3.2581962692118687
011304769,887.5938577903172,-.3565134369044507,2.191432358396397,211.656610704052,.44819063041041596,16.96889277184667
011304779,28.691655652375026,23.543139769033942,2629.0577048602486,28.145756468560588,24.437071130656086,2763.24955444945
011304784,20.42522571213259,.6447561778414219,1.6014251295615844,20.369568868372294,.6563937115046224,1.759323682926576
011304797,66.06807390502365,.3581109367607211,3.7121058792946124,59.85424139087206,.4161883327183768,4.538294085786173
011304867,31.65254987896277,4.716496149725658,257.31085226211343,30.742557022126853,4.946692395616074,274.71992684272067
011304874,24.874698230586027,.3043700148286916,1.4696997588331246,21.810965576431503,.37756059226384014,1.9057732413630708
011304915,21.93245880683976,.3484119008481579,7.775054271582231,20.471182312944826,.38333421277287016,8.67502277299183
011304931,102.79150746020233,.5414621086650844,14.311806201193239,94.1071963521566,.6205027026266423,17.13066028116699
011304987,28.63361628188783,1.1469599352679527,56.239861613658285,27.83917202317083,1.2025117502858982,60.068557748290765
011305053,6642.948762113238,-.10567167672379237,-.13558051432483076,924.0513874524858,.12431385052877503,4.766086466259539
011305087,1128256.9338390601,-.31617490294799466,-1.2002647898000105,1128981.6544718952,-.3155152639548475,-1.1710926812542282
011305110,39.32147287090375,15.246057668354425,1213.6131800342232,38.05097006063665,16.11624705060593,1308.7409821292729
011305153,32.36475203748748,8.047173012874675,595.6034875531038,25.37848551039725,11.827373557243073,987.3670740468369
011305184,393.2665188727396,-1.5098111919633395,12.651110581101417,59.96187220073842,.5807652476170411,9.389694085504594
011305188,23.656761345735408,.4059105199946568,2.7707522290041,22.964595328580067,.43390502022742033,3.2088080557357097
011305193,61.12660990613758,20.083622727963537,1156.11587870161,47.50321188305705,28.613296407704595,1859.9718586677263
011305232,2327.57855038849,-.02628054518045846,.06429751648826221,1715.2678688501744,-.005670389817728362,.5464672171118115
011305234,253.47790253743398,109.64159349340846,21111.5965805641,245.52143694737094,115.30930883870457,22578.915332093544
011305246,370.14515850783715,2.251290760754747,119.48782916168037,172.37415727384902,7.165141922301508,551.5315860200794
