010716664,15.924,15.455,15.317,15.252,15.748,14.394,14.034,13.967,15.499,.469,.427,1.957,5907,4.589,-.316,.126,.392,.867
010716684,16.491,15.795,15.6,15.47,16.29,14.465,14.083,14.086,15.867,.696,.379,2.405,5206,4.705,-.065,.106,.329,.706
010716715,16.268,15.722,15.597,15.536,16.067,14.574,14.291,14.106,15.798,.546,.468,2.162,5769,4.526,.056,.132,.409,.931
010716733,15.817,15.334,15.175,15.128,15.653,14.201,13.804,13.746,15.368,.483,.455,2.071,5857,4.407,-.33,.132,.41,1.08
010716752,16.072,15.516,15.356,15.292,15.872,14.311,14.117,13.858,15.571,.556,.453,2.214,5677,4.435,-.07,.131,.405,1.035
010716808,14.566,13.876,13.66,13.539,14.346,12.532,12.073,11.973,13.932,.69,.559,2.593,5079,4.308,-.342,.082,.256,1.163
010716838,14.436,13.993,13.906,13.848,14.239,13.002,12.746,12.662,14.065,.443,.34,1.774,5983,4.454,-.041,.103,.32,1.026
010716853,8.008,7.041,-9999,-9999,-9999,5.264,4.82,4.686,6.887,.967,.578,3.322,-9999,-9999,-9999,-9999,-9999,-9999
010716868,16.891,15.578,15.064,14.761,16.704,13.57,12.958,12.833,15.612,1.313,.737,4.058,4023,4.5,-.374,.055,.17,.708
010716907,15.438,14.983,14.899,14.83,15.233,13.952,13.605,13.65,15.06,.455,.302,1.788,6030,4.421,-.023,.129,.4,1.071
010716928,16.241,15.621,15.489,15.382,15.996,14.451,14.13,13.987,15.715,.62,.464,2.254,5563,4.475,.147,.128,.397,.979
010716968,14.261,13.586,13.4,13.275,14.015,12.291,11.871,11.811,13.658,.675,.48,2.45,5254,3.973,-.01,.105,.325,1.849
010717003,15.401,14.892,14.779,14.676,15.187,13.801,13.48,13.438,14.966,.509,.363,1.963,5800,4.425,-.082,.121,.377,1.054
010717021,14.124,13.577,13.416,13.345,13.908,12.377,12.095,11.981,13.629,.547,.396,2.143,5529,4.319,-.223,.089,.277,1.184
010717052,13.674,13.241,13.17,13.128,13.478,12.253,11.973,11.964,13.321,.433,.289,1.71,5971,4.463,.003,.084,.262,1.015
010717090,11.542,11.046,10.952,10.896,11.338,10.054,9.737,9.663,11.129,.496,.391,1.879,5631,4.443,.076,.036,.11,1.024
010717106,16.02,15.548,15.436,15.38,15.818,14.523,14.217,14.14,15.611,.472,.383,1.88,5990,4.646,.029,.128,.396,.811
010717107,15.648,15.244,15.124,15.136,15.45,14.236,13.869,13.871,15.281,.404,.365,1.777,6207,4.289,-.107,.143,.442,1.269
010717144,15.297,14.841,14.707,14.67,15.109,13.76,13.401,13.423,14.884,.456,.337,1.874,5946,4.42,-.244,.124,.386,1.068
010717220,14.714,14.166,14.012,13.924,14.497,12.989,12.579,12.551,14.223,.548,.438,2.163,5489,4.539,-.367,.088,.273,.898
010717228,14.55,14.093,13.961,13.918,14.348,13.051,12.682,12.654,14.138,.457,.397,1.896,5796,4.594,-.409,.092,.285,.857
010717233,14.553,14.303,14.288,14.269,14.409,13.567,13.352,13.304,14.366,.25,.263,1.249,6898,4.012,-.027,.149,.461,1.862
010717310,15.176,14.504,14.308,14.191,14.927,13.164,12.724,12.638,14.568,.672,.526,2.538,5253,4.176,-.108,.113,.35,1.404
010717377,14.01,13.623,13.534,13.522,13.824,12.667,12.446,12.375,13.676,.387,.292,1.635,6195,4.301,-.013,.11,.341,1.249
010717387,12.089,11.842,11.827,11.852,11.963,11.045,10.856,10.839,11.904,.247,.206,1.25,6651,4.216,-.133,.083,.259,1.42
010717390,14.637,14.253,14.169,14.147,14.463,13.266,12.997,12.93,14.309,.384,.336,1.707,6235,4.359,-.126,.122,.378,1.165
010717401,15.158,14.673,14.557,14.506,14.959,13.63,13.317,13.252,14.737,.485,.378,1.906,5807,4.792,-.062,.093,.289,.669
010717402,15.523,15.106,15.006,14.967,15.334,14.128,13.83,13.75,15.161,.417,.378,1.773,6128,4.642,-.094,.122,.377,.82
010717486,14.147,13.327,13.06,12.894,13.853,11.798,11.25,11.169,13.386,.82,.629,2.978,4948,2.964,-.087,.147,.455,6.618
010717509,15.26,14.775,14.666,14.613,15.06,13.739,13.458,13.385,14.844,.485,.354,1.875,5865,4.723,.03,.102,.316,.731
010717530,13.851,13.212,13.039,12.946,13.626,11.955,11.576,11.487,13.283,.639,.468,2.364,5289,4.249,-.016,.078,.242,1.273
010717638,14.229,13.209,12.889,12.667,13.972,11.499,10.81,10.718,13.291,1.02,.781,3.511,4589,2.926,.201,.138,.427,6.862
010717656,15.584,15.056,14.936,14.879,15.389,14.029,13.683,13.528,15.131,.528,.501,2.056,5714,4.902,.059,.093,.287,.579
010717706,16.312,15.651,15.41,15.273,16.118,14.278,13.726,13.622,15.681,.661,.656,2.69,5101,4.702,-.694,.1,.309,.7
010717715,11.548,11.271,11.241,11.261,11.414,10.458,10.256,10.201,11.34,.277,.257,1.347,6449,4.316,-.098,.06,.187,1.24
010717721,11.595,11.374,11.384,11.422,11.49,10.662,10.473,10.436,11.429,.221,.226,1.159,6816,4.138,.012,.081,.251,1.579
010717724,12.33,12.011,11.959,11.956,12.195,11.132,10.868,10.848,12.07,.319,.284,1.482,6322,4.29,-.178,.075,.233,1.273
010717733,13.413,13.09,13.015,13.023,13.246,12.215,11.965,11.913,13.135,.323,.302,1.5,6317,4.468,-.258,.089,.277,1.024
010717754,14.277,13.825,13.707,13.677,14.099,12.823,12.519,12.444,13.878,.452,.379,1.833,5836,4.755,-.187,.076,.237,.702
010717854,15.615,14.938,14.708,14.589,15.391,13.618,13.198,13.085,14.98,.677,.533,2.53,5161,4.391,-.386,.106,.329,1.051
010718455,13.445,12.945,12.81,12.749,13.25,11.805,11.478,11.385,13,.5,.42,2.06,5576,4.564,-.352,.062,.191,.877
010718535,13.164,12.684,12.572,12.529,12.97,11.67,11.387,11.307,12.75,.48,.363,1.857,5691,4.64,-.093,.055,.171,.804
010718575,13.814,13.494,13.427,13.43,13.665,12.608,12.444,12.34,13.543,.32,.268,1.474,6488,4.192,-.112,.122,.379,1.452
010718577,15.187,14.559,14.38,14.297,14.98,13.288,12.964,12.852,14.622,.628,.436,2.335,5335,4.582,-.084,.09,.28,.839
010718639,15.998,15.308,15.059,14.937,15.761,13.983,13.47,13.428,15.341,.69,.555,2.57,5130,4.371,-.488,.116,.36,1.076
010718663,16.249,15.604,15.392,-9999,-9999,15.011,14.413,13.917,15.65,.645,1.094,2.332,-9999,-9999,-9999,-9999,-9999,-9999
010718712,14.78,14.358,14.24,14.195,14.612,13.342,13.054,12.961,14.402,.422,.381,1.819,6025,4.469,-.342,.114,.352,1.009
010718726,15.27,14.78,14.637,14.609,15.081,13.669,13.416,13.335,14.827,.49,.334,1.935,5869,4.445,-.076,.121,.376,1.032
010718727,18.209,16.784,16.172,15.827,18.025,14.608,13.983,13.746,16.783,1.425,.862,4.463,3905,4.574,-.291,.067,.207,.607
010718763,16.313,15.598,15.386,15.279,16.11,14.355,13.845,13.781,15.664,.715,.574,2.532,5189,4.732,.065,.1,.311,.681
010718820,14.631,13.772,13.497,13.315,14.333,12.243,11.637,11.555,13.838,.859,.688,3.076,4885,2.858,-.064,.155,.482,7.462
010718821,16.183,15.615,15.45,15.342,15.96,14.422,14.012,13.976,15.67,.568,.446,2.207,5561,4.591,-.281,.124,.383,.847
010718832,12.257,11.307,11.045,10.802,11.938,9.666,9.106,8.958,11.408,.95,.708,3.299,4707,2.366,.11,.134,.415,13.049
010718853,12.865,12.362,12.268,12.199,12.661,11.298,11.007,10.99,12.447,.503,.308,1.875,5638,4.468,-.033,.057,.176,.993
010718902,13.47,12.649,12.399,12.208,13.185,11.131,10.627,10.492,12.72,.821,.639,2.978,4923,3.036,-.067,.135,.418,6.068
010718976,11.625,11.083,10.927,10.898,11.429,10.058,9.721,9.65,11.137,.542,.408,1.975,5429,4.516,-.088,.03,.093,.919
010718978,14.135,13.283,13.004,12.825,13.854,11.692,11.188,11.07,13.343,.852,.622,3.065,4864,3.093,-.059,.142,.441,5.656
010719064,16.1,15.633,15.527,15.492,15.907,14.592,14.282,14.365,15.699,.467,.227,1.735,6075,4.502,.081,.141,.438,.971
010719096,15.909,15.321,15.183,15.14,15.668,14.198,13.942,13.835,15.401,.588,.363,2.074,5736,4.437,.364,.131,.407,1.037
010719106,15.951,15.381,15.228,15.177,15.724,14.227,13.948,13.775,15.445,.57,.452,2.176,5695,4.492,.136,.128,.398,.967
010719136,14.248,13.359,13.049,12.858,13.946,11.711,11.147,10.983,13.409,.889,.728,3.265,4778,2.687,-.17,.155,.48,9.033
010719224,16.438,15.845,15.699,15.605,16.197,14.698,14.269,14.199,15.921,.593,.499,2.239,5650,4.479,.119,.138,.427,.98
010721647,15.913,15.119,14.845,14.692,15.717,13.698,13.153,13.053,15.165,.794,.645,2.86,4856,4.466,-.404,.095,.295,.916
010721756,12.61,12.284,12.228,12.239,12.447,11.445,11.182,11.121,12.343,.326,.324,1.489,6246,4.636,-.134,.06,.186,.831
010721760,14.712,14.124,13.96,13.88,14.486,12.951,12.605,12.483,14.186,.588,.468,2.229,5489,4.405,-.033,.099,.306,1.061
010721843,15.89,15.41,15.267,15.18,15.687,14.252,13.935,13.821,15.454,.48,.431,2.069,5889,4.378,-.343,.144,.447,1.121
010721980,13.878,13.431,13.326,-9999,-9999,12.328,12.043,11.995,13.492,.447,.333,1.883,-9999,-9999,-9999,-9999,-9999,-9999
010722020,14.522,13.95,13.796,13.707,14.291,12.71,12.365,12.297,14.014,.572,.413,2.225,5463,4.35,-.204,.097,.302,1.134
010722067,13.627,12.794,12.502,12.336,13.344,11.205,10.646,10.55,12.84,.833,.655,3.077,4866,3.056,-.185,.14,.434,5.917
010722101,15.07,14.614,14.498,14.456,14.871,13.595,13.24,13.179,14.67,.456,.416,1.891,5936,4.655,-.106,.108,.336,.799
010722132,15.862,15.206,15.005,14.878,15.635,13.893,13.446,13.365,15.262,.656,.528,2.497,5239,4.53,-.369,.11,.34,.887
010722144,14.559,13.921,13.733,13.632,14.325,12.641,12.211,12.106,13.981,.638,.535,2.453,5298,4.256,-.153,.098,.302,1.263
010722175,10.303,9.421,9.167,9.016,10.048,7.937,7.347,7.248,9.508,.882,.689,3.055,4722,2.944,.271,.058,.179,6.738
010722221,15.211,14.749,14.645,14.609,15.016,13.695,13.413,13.342,14.815,.462,.353,1.869,5992,4.545,-.003,.121,.376,.918
010722289,13.741,13.225,13.102,13.036,13.561,12.105,11.778,11.714,13.294,.516,.391,2.027,5583,4.619,-.179,.066,.203,.82
010722295,12.851,12.156,11.961,11.843,12.614,10.819,10.311,10.23,12.228,.695,.589,2.621,5114,3.849,-.058,.077,.24,2.178
010722313,15.767,15.326,15.222,15.204,15.567,14.31,14.016,13.867,15.385,.441,.443,1.9,6169,4.442,.063,.146,.453,1.049
010722341,14.513,13.794,13.583,13.459,14.287,12.393,11.881,11.832,13.862,.719,.561,2.681,5047,4.295,-.165,.083,.256,1.179
010722417,14.136,13.518,13.331,13.255,13.935,12.297,11.881,11.81,13.573,.618,.487,2.326,5249,4.646,-.24,.06,.187,.765
010722465,16.094,15.473,15.332,15.242,15.878,14.259,13.993,13.932,15.561,.621,.327,2.162,5528,4.641,.141,.119,.37,.793
010722485,14.259,13.808,13.687,13.651,14.089,12.766,12.455,12.382,13.858,.451,.384,1.877,5885,4.557,-.211,.093,.287,.901
010722494,14.885,14.365,14.22,14.165,14.695,13.24,12.922,12.846,14.42,.52,.394,2.039,5662,4.657,-.145,.094,.29,.786
010722495,12.729,12.17,11.995,11.91,12.527,10.964,10.523,10.47,12.215,.559,.494,2.259,5248,4.592,-.748,.039,.12,.82
010722535,16.45,15.787,15.571,15.484,16.256,14.516,14.053,14.09,15.835,.663,.426,2.36,5278,4.766,-.128,.109,.339,.658
010722555,16.533,15.856,15.598,15.505,16.314,14.541,14.05,14.016,15.878,.677,.525,2.517,5233,4.532,-.295,.126,.392,.884
010722632,13.57,13.219,13.166,13.133,13.4,12.316,12.061,12.016,13.287,.351,.3,1.554,6310,4.327,-.078,.105,.326,1.215
010722668,11.984,11.81,11.845,11.853,11.874,11.102,10.936,10.916,11.853,.174,.186,1.068,7145,3.781,-.031,.129,.4,2.55
010722676,15.436,14.958,14.816,14.762,15.259,13.852,13.566,13.462,15.002,.478,.39,1.974,5900,4.479,-.242,.129,.401,.992
010722715,14.291,13.718,13.556,13.468,14.079,12.518,12.134,12.073,13.776,.573,.445,2.218,5391,4.579,-.307,.074,.228,.846
010722729,14.505,14.138,14.077,14.03,14.328,13.194,12.904,12.881,14.205,.367,.313,1.624,6343,4.275,-.095,.134,.414,1.298
010722768,14.495,14.135,14.084,14.073,14.325,13.208,13.009,12.946,14.207,.36,.262,1.549,6419,4.332,.024,.132,.409,1.214
010722772,15.663,15.221,15.102,15.056,15.487,14.148,13.808,13.72,15.271,.442,.428,1.943,6086,4.443,-.175,.142,.441,1.044
010722785,11.933,11.607,11.553,11.521,11.778,10.689,10.429,10.401,11.667,.326,.288,1.532,6222,4.177,-.285,.072,.224,1.462
010722867,15.069,14.509,14.359,14.292,14.858,13.381,13.028,12.952,14.572,.56,.429,2.117,5530,4.788,-.068,.083,.259,.659
010722884,13.934,13.372,13.175,13.074,13.743,12.122,11.689,11.598,13.403,.562,.524,2.336,5261,4.618,-.839,.059,.184,.794
010722944,16.342,15.771,15.594,15.515,16.158,14.516,14.141,14.143,15.818,.571,.373,2.199,5600,4.604,-.18,.133,.412,.837
010722946,15.266,14.692,14.521,14.448,15.047,13.499,13.077,13.005,14.745,.574,.494,2.261,5478,4.599,-.253,.1,.311,.832
010722949,13.716,12.845,12.565,12.387,13.41,11.259,10.717,10.612,12.91,.871,.647,3.104,4903,2.707,.04,.16,.495,8.855
010722954,13.291,12.453,12.166,11.993,13.022,10.877,10.301,10.207,12.504,.838,.67,3.084,4809,3.178,-.203,.122,.38,5.107
010722988,14.032,13.619,13.518,13.497,13.839,12.637,12.352,12.33,13.672,.413,.307,1.702,6030,4.502,-.137,.096,.297,.969
010723007,13.732,13.291,13.189,-9999,-9999,11.968,11.628,11.561,13.353,.441,.407,2.171,-9999,-9999,-9999,-9999,-9999,-9999
010723028,13.775,12.9,12.615,12.441,13.455,11.289,10.747,10.628,12.963,.875,.661,3.147,4896,2.535,.004,.165,.513,10.765
010723034,14.885,14.465,14.338,14.286,14.687,13.403,13.076,13.032,14.502,.42,.371,1.853,5991,4.42,-.516,.123,.383,1.07
010723143,16.178,15.435,15.202,15.033,15.939,14.117,13.634,13.497,15.495,.743,.62,2.681,5120,4.412,-.136,.121,.374,1.02
010723167,14.682,14.234,14.106,14.053,14.485,13.169,12.801,12.747,14.279,.448,.422,1.935,5847,4.559,-.466,.103,.32,.896
010723189,14.324,13.877,13.744,13.697,14.13,12.772,12.477,12.426,13.918,.447,.346,1.898,5884,4.32,-.386,.112,.346,1.204
010723200,14.756,14.287,14.157,14.118,14.561,13.211,12.842,12.823,14.337,.469,.388,1.933,5847,4.524,-.228,.107,.332,.936
010723209,16.555,15.909,15.696,15.597,16.349,14.606,14.163,14.026,15.954,.646,.58,2.529,5249,4.865,-.4,.104,.323,.578
010723210,16.039,15.538,15.418,15.382,15.841,14.48,14.141,14,15.604,.501,.48,2.039,5950,4.667,.133,.133,.411,.788
010723262,16.237,15.704,15.535,15.478,16.05,14.547,14.224,14.118,15.746,.533,.429,2.119,5733,4.67,-.173,.131,.406,.776
010723321,15.383,14.903,14.803,14.733,15.216,13.909,13.628,13.465,14.977,.48,.444,1.918,5987,4.504,-.01,.129,.4,.965
010723332,15.339,14.934,14.816,14.775,15.154,13.914,13.598,13.519,14.973,.405,.395,1.82,6117,4.556,-.408,.13,.403,.911
010723341,15.28,14.622,14.389,14.239,15.048,13.183,12.707,12.635,14.657,.658,.548,2.645,5077,4.351,-.877,.102,.316,1.099
010723367,16.194,15.65,15.486,15.422,16.006,14.535,14.092,14.08,15.699,.544,.455,2.114,5615,4.954,-.197,.105,.325,.538
010723388,12.276,11.413,11.142,10.974,11.982,9.862,9.294,9.215,11.482,.863,.647,3.061,4861,2.745,.084,.126,.392,8.478
010723397,13.597,13.21,13.12,13.091,13.439,12.191,11.935,11.862,13.263,.387,.329,1.735,6120,4.3,-.257,.102,.317,1.246
010723402,14.763,14.17,14.004,13.937,14.554,12.942,12.57,12.489,14.232,.593,.453,2.274,5406,4.577,-.129,.086,.265,.849
010723413,15.498,15.066,14.949,14.902,15.317,14.06,13.762,13.673,15.114,.432,.387,1.825,6015,4.779,-.279,.115,.355,.688
010723415,15.421,14.985,14.875,14.852,15.251,14.028,13.689,13.596,15.039,.436,.432,1.825,6090,4.672,-.056,.122,.379,.788
010723422,14.771,14.311,14.197,14.168,14.594,13.259,12.955,12.903,14.369,.46,.356,1.868,5946,4.545,-.072,.109,.339,.916
010723424,15.585,15.06,14.914,14.852,15.39,13.914,13.589,13.493,15.115,.525,.421,2.092,5705,4.684,-.154,.112,.348,.762
010723473,16.154,15.53,15.299,15.215,15.954,14.185,13.694,13.66,15.555,.624,.525,2.494,5312,4.582,-.396,.118,.366,.836
010723510,13.803,13.348,13.249,13.217,13.632,12.34,12.035,11.989,13.415,.455,.351,1.814,5843,4.686,-.089,.072,.222,.765
010723531,14.114,13.612,13.484,13.423,13.926,12.49,12.134,12.111,13.673,.502,.379,2.003,5642,4.613,-.223,.077,.24,.831
010723572,16.042,15.552,15.421,15.404,15.843,14.5,14.204,14.045,15.607,.49,.455,1.997,6019,4.524,.132,.145,.448,.943
010723583,15.622,15.15,15.019,14.964,15.451,14.06,13.747,13.689,15.2,.472,.371,1.933,5957,4.502,-.19,.135,.418,.967
010723589,15.401,14.938,14.812,14.796,15.224,13.871,13.599,13.554,14.989,.463,.317,1.847,6023,4.461,-.047,.134,.415,1.019
010723618,11.554,11.513,11.584,11.651,11.506,10.964,10.874,10.862,11.523,.041,.102,.692,7842,3.711,-.148,.142,.44,2.945
010724210,15.603,15.101,14.957,14.888,15.378,13.965,13.647,13.669,15.15,.502,.296,1.934,5838,4.392,-.156,.139,.431,1.1
010724369,15.223,14.676,14.554,14.492,15.01,13.557,13.237,13.195,14.755,.547,.362,2.028,5659,4.6,.001,.107,.332,.844
010724393,15.212,14.609,14.451,14.357,14.983,13.368,13.038,12.9,14.68,.603,.468,2.312,5463,4.447,-.07,.11,.34,1.005
010724425,16.143,15.657,15.535,15.457,15.943,14.547,14.207,14.24,15.717,.486,.307,1.903,5968,4.474,-.101,.15,.465,1.001
010724450,14.049,13.531,13.408,13.372,13.85,12.46,12.121,12.086,13.6,.518,.374,1.963,5650,4.686,.013,.071,.221,.757
010724569,16.11,15.434,15.223,15.126,15.94,14.121,13.71,13.646,15.489,.676,.475,2.464,5158,4.955,-.167,.082,.254,.508
010724634,8.692,8.949,9.188,9.333,-9999,8.733,8.788,8.791,8.885,-.257,-.058,-.099,9654,4.121,-.088,.074,.228,2.017
010724735,13.327,12.4,12.113,11.939,13.043,10.775,10.255,10.141,12.477,.927,.634,3.186,4813,2.966,.308,.137,.426,6.585
010724784,15.483,15.071,14.948,14.901,15.313,14.073,13.695,13.707,15.108,.412,.366,1.776,6150,4.474,-.378,.141,.438,1.008
010724793,13.955,13.281,13.056,12.938,13.691,11.945,11.448,11.406,13.326,.674,.539,2.549,5246,3.637,-.225,.129,.401,2.891
010724818,15.281,14.865,14.764,14.724,15.09,13.865,13.58,13.49,14.919,.416,.375,1.791,6194,4.455,-.038,.139,.431,1.034
010724823,13.401,12.884,12.754,12.676,13.182,11.794,11.419,11.362,12.948,.517,.432,2.039,5606,4.333,-.162,.077,.24,1.169
010724828,14.774,13.96,13.744,13.603,14.57,12.595,12.095,12.016,14.053,.814,.579,2.758,4991,4.283,.33,.086,.268,1.192
010724906,15.902,15.379,15.22,15.128,15.686,14.269,13.913,13.772,15.424,.523,.497,2.13,5732,4.571,-.283,.131,.408,.879
010724977,16.478,15.908,15.74,15.7,16.265,14.749,14.41,14.352,15.961,.57,.397,2.126,5732,4.616,.108,.142,.44,.831
010725005,14.228,13.538,13.348,13.25,14.037,12.288,11.862,11.773,13.612,.69,.515,2.455,5138,4.633,.055,.059,.182,.768
010725108,13.175,12.445,12.213,12.085,12.942,11.073,10.548,10.494,12.502,.73,.579,2.681,4999,3.823,-.196,.084,.259,2.248
010726997,13.818,13.567,13.543,13.56,13.707,12.773,12.632,12.573,13.63,.251,.2,1.245,6926,4.148,-.108,.147,.457,1.568
010727037,14.309,13.788,13.649,13.598,14.132,12.663,12.321,12.266,13.847,.521,.397,2.043,5582,4.78,-.179,.07,.216,.669
010727074,13.819,13.579,13.558,13.602,13.709,12.782,12.615,12.599,13.639,.24,.183,1.22,6971,4.145,-.143,.149,.461,1.577
010727120,15.267,14.665,14.496,14.435,15.063,13.503,13.128,13.073,14.727,.602,.43,2.194,5420,4.843,-.005,.081,.252,.606
010727131,15.715,15.133,14.954,14.844,15.518,13.967,13.541,13.444,15.182,.582,.523,2.271,5407,4.841,-.384,.093,.289,.607
010727170,15.717,15.253,15.122,15.061,15.504,14.185,13.83,13.83,15.3,.464,.355,1.887,6003,4.505,-.126,.143,.443,.965
010727178,13.44,12.646,12.395,12.229,13.151,11.143,10.648,10.58,12.708,.794,.563,2.86,5029,3.113,-.017,.145,.451,5.544
010727227,13.796,13.313,13.182,13.109,13.588,12.237,11.932,11.846,13.366,.483,.391,1.95,5691,4.439,-.36,.084,.261,1.032
010727240,15.609,15.089,14.944,14.821,15.378,14.018,13.682,13.602,15.144,.52,.416,2.007,5811,4.33,-.145,.146,.452,1.186
010727292,14.308,13.926,13.836,13.743,14.129,12.932,12.65,12.596,13.977,.382,.336,1.712,6220,4.208,-.286,.135,.418,1.405
010727377,16.008,15.44,15.272,15.151,15.782,14.259,13.882,13.733,15.493,.568,.526,2.275,5602,4.497,-.257,.137,.424,.956
010727392,15.165,14.738,14.658,14.572,14.963,13.733,13.512,13.416,14.81,.427,.317,1.749,6286,4.696,.483,.123,.381,.772
010727402,14.761,14.289,14.164,14.072,14.568,13.23,12.917,12.868,14.343,.472,.362,1.893,5858,4.477,-.248,.114,.353,.992
010727457,13.844,13.026,12.755,12.555,13.56,11.473,10.926,10.813,13.082,.818,.66,3.031,4916,3.156,-.205,.148,.459,5.25
010727496,16.5,15.88,15.666,-9999,-9999,15.453,14.972,14.326,15.921,.62,1.127,2.174,-9999,-9999,-9999,-9999,-9999,-9999
010727527,14.258,13.942,13.856,13.783,14.09,13.044,12.798,12.715,13.977,.316,.329,1.543,6508,4.105,-.375,.151,.468,1.624
010727571,12.897,12.419,12.31,12.27,12.692,11.393,11.108,11.041,12.486,.478,.352,1.856,5759,4.404,.051,.067,.206,1.08
010727655,13.792,13.393,13.279,13.243,13.637,12.108,11.737,11.694,13.433,.399,.414,2.098,6074,4.188,-.275,.117,.363,1.435
010727668,16.21,16.358,16.543,16.534,16.185,15.933,15.609,15.912,16.321,-.148,.021,.298,9471,4.042,-.12,.186,.576,2.204
010727706,13.638,13.241,13.139,13.073,13.446,12.217,11.944,11.9,13.289,.397,.317,1.738,6064,4.236,-.317,.109,.338,1.348
010727717,12.816,12.718,12.772,12.755,12.717,12.054,11.872,11.869,12.742,.098,.185,.947,7636,3.782,-.124,.166,.516,2.643
010727726,13.183,12.403,12.165,11.996,12.942,10.955,10.484,10.364,12.47,.78,.591,2.819,4925,3.635,-.09,.095,.294,2.885
010727789,12.595,11.885,11.661,11.506,12.319,10.445,9.98,9.894,11.941,.71,.551,2.701,5100,3.261,-.262,.116,.361,4.646
010727799,15.883,15.347,15.195,15.105,15.668,14.207,13.829,13.82,15.401,.536,.387,2.063,5683,4.706,-.188,.121,.375,.74
010727811,13.478,13.087,12.995,12.938,13.288,12.102,11.789,11.781,13.14,.391,.321,1.697,6063,4.327,-.266,.097,.302,1.203
010727838,14.379,13.79,13.608,13.484,14.185,12.526,12.159,12.08,13.84,.589,.446,2.299,5284,4.561,-.505,.074,.23,.856
010727881,15.936,15.385,15.228,15.102,15.726,14.237,13.868,13.785,15.441,.551,.452,2.151,5679,4.501,-.202,.138,.428,.955
010727922,11.562,11.199,11.11,11.072,11.386,10.212,9.965,9.884,11.245,.363,.328,1.678,6018,3.996,-.445,.071,.221,1.833
010727953,12.784,11.418,-9999,-9999,-9999,9.283,8.688,8.569,11.051,1.366,.714,4.215,-9999,-9999,-9999,-9999,-9999,-9999
010728072,15.122,14.542,14.359,14.254,14.892,13.327,12.983,12.872,14.588,.58,.455,2.25,5525,4.255,-.252,.128,.395,1.282
010728092,15.725,15.155,14.987,14.88,15.503,13.967,13.567,13.522,15.208,.57,.445,2.203,5533,4.624,-.294,.116,.361,.811
010728097,14.066,13.78,13.75,-9999,-9999,15.07,14.447,13.949,13.848,.286,1.121,.117,-9999,-9999,-9999,-9999,-9999,-9999
010728107,14.113,13.571,13.432,13.337,13.912,12.409,12.051,11.987,13.636,.542,.422,2.126,5487,4.643,-.286,.071,.219,.787
010728138,16.254,15.649,15.467,15.353,16.04,14.401,14.108,13.949,15.703,.605,.452,2.305,5500,4.625,-.146,.13,.402,.807
010728179,10.407,9.614,9.347,9.207,10.109,8.118,7.605,7.538,9.665,.793,.58,2.869,4884,2.418,-.227,.103,.32,12.317
010728181,16.182,15.597,15.414,15.302,15.965,14.329,14.005,13.935,15.644,.585,.394,2.247,5532,4.551,-.285,.135,.419,.888
010728187,14.738,14.19,14.069,13.98,14.528,13.108,12.803,12.666,14.27,.548,.442,2.072,5643,4.582,.044,.096,.299,.864
010728219,16.505,15.866,15.654,15.474,16.305,14.781,14.323,14.211,15.909,.639,.57,2.294,5456,4.465,-.159,.146,.452,.982
010728232,15.801,15.056,14.849,14.678,15.59,13.746,13.259,13.186,15.134,.745,.56,2.615,5087,4.55,-.058,.101,.314,.851
010728256,12.856,12.403,12.313,12.259,12.691,11.372,11.102,11.082,12.476,.453,.29,1.774,5810,4.513,-.097,.061,.189,.947
010728290,14.537,13.933,13.81,13.728,14.329,12.823,12.528,12.396,14.028,.604,.427,2.141,5525,4.664,.305,.079,.246,.77
010728294,16.239,15.638,15.451,15.397,16.017,14.451,14.006,14.076,15.687,.601,.375,2.163,5555,4.582,-.059,.135,.418,.857
010728319,15.919,15.384,15.24,15.154,15.72,14.226,13.923,13.8,15.444,.535,.426,2.119,5721,4.691,-.12,.125,.388,.756
010728328,15.114,14.591,14.469,14.391,14.906,13.471,13.162,13.041,14.663,.523,.43,2.073,5724,4.587,-.061,.11,.342,.862
010728380,14.877,14.398,14.261,14.201,14.677,13.298,13.038,13.003,14.446,.479,.295,1.874,5856,4.449,-.216,.12,.371,1.026
010728417,12.73,11.678,11.307,11.05,12.386,9.871,9.207,9.048,11.734,1.052,.823,3.682,4535,1.889,-.044,.175,.541,22.788
010728428,13.47,13.244,13.248,-9999,-9999,12.407,12.18,12.123,13.317,.226,.284,1.347,-9999,-9999,-9999,-9999,-9999,-9999
010728467,12.399,11.411,11.148,10.892,12.067,9.728,9.166,9.025,11.524,.988,.703,3.374,4720,2.402,.195,.148,.459,12.518
010728489,13.799,13.4,13.323,13.272,13.607,12.464,12.183,12.179,13.466,.399,.285,1.62,6112,4.431,-.076,.1,.311,1.061
010728519,14.012,13.337,13.104,12.921,13.743,11.885,11.425,11.343,13.376,.675,.542,2.669,5155,3.543,-.552,.138,.429,3.255
010728522,14.491,14.046,13.938,13.867,14.284,13.073,12.773,12.736,14.104,.445,.337,1.755,5987,4.403,-.12,.117,.363,1.092
010728551,12.116,11.647,11.55,11.495,11.932,10.625,10.352,10.288,11.72,.469,.337,1.828,5704,4.52,-.069,.044,.136,.934
010728600,12.277,11.915,11.856,11.798,12.114,10.926,10.676,10.65,11.983,.362,.276,1.627,6134,4.244,-.152,.075,.231,1.338
010728638,15.955,15.39,15.228,15.106,15.726,14.217,13.801,13.685,15.446,.565,.532,2.27,5609,4.511,-.232,.136,.421,.94
010728715,11.884,11.163,10.922,10.759,11.617,9.708,9.22,9.092,11.21,.721,.616,2.792,4959,3.191,-.497,.096,.297,5.038
010728788,13.734,13.254,13.148,13.066,13.534,12.131,11.81,11.75,13.324,.48,.381,1.984,5760,4.434,-.139,.086,.265,1.041
010728878,15.405,14.894,14.756,14.663,15.198,13.763,13.452,13.371,14.951,.511,.392,2.034,5775,4.522,-.178,.126,.392,.935
010728950,14.781,14.154,13.963,13.836,14.548,12.858,12.461,12.355,14.208,.627,.503,2.426,5285,4.319,-.367,.102,.316,1.163
010729143,16.175,15.509,15.31,15.183,15.934,14.169,13.737,13.611,15.569,.666,.558,2.564,5302,4.483,-.166,.13,.403,.946
010729317,15.617,15.112,14.992,14.946,15.387,14.192,13.891,13.837,15.18,.505,.355,1.78,6060,4.468,.348,.146,.452,1.012
010729328,15.35,14.906,14.793,14.772,15.142,13.897,13.637,13.676,14.96,.444,.221,1.674,6137,4.509,.079,.139,.432,.965
010729437,16.446,15.891,15.742,15.674,16.209,14.798,14.382,14.41,15.953,.555,.388,2.036,5806,4.608,.09,.15,.465,.843
010729443,15.886,15.36,15.211,15.105,15.692,14.247,13.845,13.673,15.414,.526,.574,2.213,5792,4.474,-.169,.145,.449,.993
010729472,15.774,15.22,15.056,15.006,15.565,14.102,13.694,13.653,15.271,.554,.449,2.121,5627,4.782,-.079,.11,.342,.67
010729529,14.812,14.358,14.263,14.229,14.607,13.381,13.09,13.102,14.428,.454,.279,1.71,6009,4.666,.089,.107,.332,.791
010729607,15.5,14.907,14.765,14.686,15.274,13.746,13.371,13.298,14.985,.593,.448,2.202,5418,4.635,-.159,.105,.324,.79
010729614,15.664,15.137,15.007,15,15.433,14.118,13.82,13.755,15.204,.527,.363,1.909,5953,4.559,.342,.137,.425,.901
010729622,13.367,12.774,12.616,12.554,13.137,11.638,11.294,11.237,12.841,.593,.401,2.13,5501,4.157,.186,.085,.263,1.458
010729642,14.787,14.394,14.308,14.263,14.615,13.432,13.186,13.115,14.451,.393,.317,1.672,6262,4.464,-.086,.132,.409,1.026
010729645,11.564,11.532,11.615,11.687,11.52,11.003,10.964,10.904,11.54,.032,.099,.66,7976,3.805,.014,.146,.451,2.63
010729649,15.47,14.934,14.775,14.727,15.26,13.819,13.483,13.407,14.984,.536,.412,2.063,5679,4.678,-.093,.112,.348,.766
010729676,14.199,13.716,13.606,13.563,13.983,12.742,12.46,12.381,13.784,.483,.361,1.818,5876,4.574,.157,.092,.284,.882
010729847,16.29,15.723,15.587,15.463,16.079,14.523,14.089,14.112,15.798,.567,.411,2.178,5667,4.549,-.125,.145,.451,.9
010729867,14.163,13.78,13.677,13.592,13.988,12.753,12.461,12.461,13.823,.383,.292,1.702,6127,4.216,-.533,.13,.402,1.386
010729899,15.095,14.605,14.465,14.384,14.897,13.468,13.164,13.074,14.654,.49,.394,2.021,5788,4.4,-.402,.129,.4,1.086
010729901,14.08,13.653,13.568,13.477,13.906,12.612,12.323,12.253,13.721,.427,.359,1.827,6005,4.298,-.273,.115,.357,1.243
010729930,12.864,12.552,12.485,12.463,12.724,11.651,11.409,11.381,12.599,.312,.27,1.483,6333,4.256,-.502,.097,.299,1.329
010729958,14.674,14.21,14.095,13.985,14.504,13.099,12.769,12.704,14.269,.464,.395,1.97,5887,4.353,-.325,.124,.384,1.156
010729984,15.86,15.255,15.105,14.965,15.656,14.05,13.63,13.715,15.332,.605,.335,2.145,5503,4.572,-.108,.124,.384,.863
010729990,15.977,15.451,15.267,15.142,15.813,14.214,13.782,13.755,15.48,.526,.459,2.222,5680,4.369,-.533,.152,.472,1.123
010730006,15.74,15.155,14.965,14.846,15.57,13.888,13.5,13.381,15.198,.585,.507,2.359,5365,4.752,-.467,.101,.312,.677
010730009,13.774,13.394,13.307,13.262,13.614,12.4,12.147,12.08,13.447,.38,.32,1.694,6171,4.309,-.301,.112,.348,1.236
010730053,14.61,14.145,14.027,13.949,14.428,13.041,12.743,12.711,14.202,.465,.33,1.899,5876,4.399,-.291,.118,.366,1.092
010730070,14.507,14.044,13.94,13.89,14.233,13.025,12.724,12.692,14.11,.463,.333,1.815,5841,4.402,-.118,.114,.353,1.087
010730100,11.625,9.993,-9999,-9999,-9999,7.222,6.47,6.304,9.535,1.632,.918,5.321,-9999,-9999,-9999,-9999,-9999,-9999
010730102,13.82,13.482,13.4,13.352,13.666,12.505,12.295,12.223,13.526,.338,.282,1.597,6367,4.081,-.508,.14,.433,1.664
010730166,15.132,14.56,14.397,14.309,14.925,13.409,13.105,12.98,14.618,.572,.429,2.152,5548,4.579,-.089,.105,.324,.859
010730192,15.505,14.939,14.779,14.705,15.292,13.794,13.464,13.387,14.997,.566,.407,2.118,5548,4.792,-.098,.099,.306,.656
010730196,14.618,14.107,13.972,13.922,14.415,13.042,12.743,12.694,14.166,.511,.348,1.924,5691,4.613,-.147,.094,.293,.832
010730222,15.382,14.887,14.753,14.666,15.176,13.763,13.468,13.409,14.941,.495,.354,1.973,5838,4.454,-.229,.135,.418,1.019
010730228,13.841,12.884,12.568,12.36,13.579,11.194,10.634,10.496,12.95,.957,.698,3.345,4669,3.114,.107,.139,.431,5.499
010730250,15.311,14.768,14.599,14.497,15.097,13.59,13.228,13.217,14.812,.543,.373,2.094,5563,4.551,-.447,.114,.353,.89
010730270,14.424,13.842,13.643,13.5,14.203,12.555,12.131,12.051,13.878,.582,.504,2.373,5243,4.429,-.999,.084,.26,1.008
010730290,16.091,15.521,15.366,15.229,15.862,14.295,13.955,13.891,15.583,.57,.404,2.2,5626,4.437,-.212,.148,.457,1.031
010730332,14.854,14.389,14.26,14.219,14.646,13.353,13.007,12.923,14.438,.465,.43,1.931,5837,4.66,-.278,.103,.321,.791
010730366,15.901,15.248,15.055,14.938,15.682,13.971,13.534,13.464,15.309,.653,.507,2.437,5260,4.709,-.254,.102,.317,.706
010730483,16.11,15.545,15.355,15.271,15.883,14.349,13.935,13.945,15.581,.565,.404,2.165,5583,4.547,-.352,.138,.428,.897
010730492,15.774,15.249,15.103,15.051,15.553,14.162,13.768,13.74,15.304,.525,.422,2.034,5744,4.714,-.09,.122,.378,.735
010730558,13.99,13.508,13.374,13.336,13.793,12.406,12.112,12.061,13.559,.482,.345,1.929,5781,4.392,-.146,.097,.301,1.097
010741844,14.206,13.363,13.055,12.855,13.919,11.708,11.137,11.057,13.4,.843,.651,3.149,4842,3.206,-.422,.17,.527,4.941
010741900,15.295,14.765,14.597,14.507,15.087,13.589,13.269,13.215,14.806,.53,.374,2.08,5636,4.583,-.434,.121,.375,.861
010741902,14.6,14.12,13.98,13.901,14.398,13.013,12.701,12.659,14.166,.48,.354,1.941,5747,4.576,-.451,.105,.325,.874
010741920,12.539,12.458,12.499,12.537,12.447,11.769,11.679,11.659,12.478,.081,.11,.88,7825,3.801,-.12,.188,.584,2.614
010741932,14.104,13.308,13.018,12.828,13.823,11.711,11.178,11.09,13.344,.796,.621,3.014,4913,3.337,-.509,.16,.497,4.209
010741990,15.143,14.624,14.465,14.352,14.921,13.451,13.103,13.058,14.668,.519,.393,2.085,5699,4.413,-.446,.135,.418,1.065
010742032,15.731,15.226,15.085,15.005,15.526,14.143,13.775,13.801,15.279,.505,.342,1.93,5841,4.705,-.158,.134,.415,.747
010742055,16.512,15.923,15.751,15.704,16.279,14.752,14.4,14.382,15.98,.589,.37,2.13,5734,4.655,.142,.16,.496,.791
010742063,13.136,12.691,12.572,12.516,12.942,11.627,11.319,11.276,12.741,.445,.351,1.86,5781,4.371,-.431,.08,.246,1.126
010742066,11.659,11.273,11.164,11.12,11.485,10.233,9.958,9.916,11.313,.386,.317,1.743,5868,4.069,-.774,.067,.207,1.66
010742090,15.17,14.659,14.513,14.437,14.959,13.522,13.185,13.103,14.71,.511,.419,2.067,5707,4.66,-.313,.113,.351,.785
010742092,14.438,14.087,13.992,13.97,14.267,13.106,12.897,12.862,14.126,.351,.244,1.576,6464,4.26,-.229,.16,.494,1.33
010742108,12.629,12.345,12.322,-9999,-9999,11.516,11.287,11.233,12.412,.284,.283,1.396,-9999,-9999,-9999,-9999,-9999,-9999
010742131,15.424,14.99,14.864,14.802,15.21,13.932,13.611,13.58,15.032,.434,.352,1.844,6151,4.429,-.195,.164,.509,1.066
010742164,15.327,14.858,14.729,14.679,15.122,13.819,13.522,13.49,14.909,.469,.329,1.837,5941,4.728,-.098,.123,.38,.729
010742189,14.507,13.554,13.228,13.007,14.205,11.848,11.266,11.147,13.612,.953,.701,3.36,4777,2.937,.025,.196,.608,6.807
010742298,15.009,14.405,14.218,14.113,14.77,13.156,12.807,12.776,14.455,.604,.38,2.233,5491,4.253,-.166,.133,.413,1.284
010742365,15.517,15.041,14.909,14.87,15.307,14.01,13.733,13.685,15.091,.476,.325,1.832,5948,4.767,-.024,.126,.39,.695
010742461,13.048,12.613,12.503,12.478,12.84,11.586,11.31,11.263,12.666,.435,.323,1.785,5924,4.24,-.093,.092,.285,1.333
010742481,16.279,15.733,15.572,15.464,16.056,14.544,14.18,14.131,15.784,.546,.413,2.148,5741,4.655,-.206,.154,.477,.792
010742488,15.953,15.473,15.332,15.286,15.746,14.356,14.032,14.032,15.518,.48,.324,1.921,6046,4.523,-.101,.169,.524,.946
010742508,15.09,14.588,14.438,14.348,14.876,13.442,13.089,13.08,14.634,.502,.362,2.01,5741,4.524,-.408,.125,.389,.931
010742593,16.105,15.592,15.463,15.419,15.882,14.505,14.183,14.121,15.656,.513,.384,1.984,5963,4.668,.105,.156,.484,.787
010742602,15.951,15.458,15.321,15.274,15.756,14.351,13.987,13.891,15.51,.493,.46,2.06,5956,4.676,-.089,.15,.465,.779
010742639,14.566,14.123,14.025,13.986,14.361,13.103,12.865,12.805,14.187,.443,.298,1.761,6053,4.523,.019,.121,.374,.946
010742719,16.07,15.518,15.372,15.274,15.845,14.351,14.138,14.064,15.581,.552,.287,2.006,5810,4.568,.042,.157,.487,.885
010742724,13.977,13.505,13.377,13.316,13.783,12.378,12.137,12.067,13.557,.472,.311,1.91,5847,4.314,-.212,.112,.346,1.211
010742783,14.984,14.476,14.34,14.284,14.789,13.352,13.028,13.009,14.533,.508,.343,1.975,5767,4.601,-.138,.115,.358,.848
010742794,12.636,11.756,11.456,11.271,12.353,10.096,9.586,9.468,11.81,.88,.628,3.168,4795,2.853,-.075,.143,.444,7.488
010742808,15.36,14.919,14.791,14.739,15.179,13.836,13.541,13.474,14.962,.441,.362,1.886,6118,4.462,-.263,.158,.49,1.022
010742821,13.779,13.273,13.14,13.09,13.588,12.163,11.859,11.781,13.332,.506,.382,1.998,5629,4.65,-.182,.07,.218,.792
010742883,15.993,15.398,15.222,15.15,15.764,14.185,13.9,13.942,15.453,.595,.243,2.051,5638,4.542,.037,.148,.46,.907
010742955,14.402,13.979,13.873,13.839,14.256,12.96,12.702,12.664,14.031,.423,.296,1.738,6138,4.406,-.169,.13,.404,1.095
010742971,16.519,15.899,15.678,15.605,16.311,14.602,14.159,14.038,15.93,.62,.564,2.481,5480,4.61,-.241,.153,.473,.821
010743021,15.503,14.879,14.691,14.632,15.35,13.659,13.253,13.182,14.935,.624,.477,2.321,5322,4.903,-.089,.083,.258,.555
010743027,14.711,14.258,14.126,14.114,14.549,13.202,12.939,12.865,14.302,.453,.337,1.846,6065,4.393,-.098,.139,.431,1.11
010743092,12.503,11.567,11.233,11.02,12.185,9.867,9.285,9.166,11.614,.936,.701,3.337,4715,2.427,-.149,.17,.526,12.161
010743093,14.408,13.853,13.671,13.597,14.219,12.641,12.282,12.204,13.892,.555,.437,2.204,5435,4.571,-.432,.085,.263,.858
010743110,15.978,15.464,15.301,15.229,15.793,14.301,13.951,13.878,15.504,.514,.423,2.1,5842,4.616,-.258,.153,.473,.836
010743117,16.224,15.758,15.611,15.567,16.018,14.678,14.358,14.317,15.795,.466,.361,1.907,6097,4.654,-.121,.169,.525,.806
010743128,15.322,14.931,14.823,14.801,15.155,13.945,13.711,13.596,14.972,.391,.349,1.726,6391,4.5,-.12,.165,.512,.987
010743153,16.384,15.894,15.745,15.664,16.18,14.803,14.471,14.441,15.937,.49,.362,1.943,5975,4.753,-.177,.16,.495,.708
010743184,15.907,15.411,15.263,15.189,15.703,14.351,13.99,13.923,15.457,.496,.428,1.984,5823,4.86,-.267,.126,.39,.614
010743195,14.011,13.099,12.784,12.568,13.697,11.455,10.896,10.785,13.152,.912,.67,3.226,4862,2.796,-.049,.199,.617,7.998
010743269,14.597,13.719,13.432,13.217,14.272,12.115,11.598,11.502,13.782,.878,.613,3.095,4999,2.866,-.009,.217,.673,7.421
010743282,15.568,15.056,14.926,14.853,15.35,14,13.711,13.58,15.118,.512,.42,1.988,5912,4.59,.076,.143,.443,.866
010743302,16.126,15.571,15.389,15.283,15.914,14.359,14.041,13.865,15.61,.555,.494,2.261,5691,4.556,-.329,.156,.484,.893
010743315,13.066,12.739,12.654,12.628,12.907,11.816,11.603,11.532,12.778,.327,.284,1.534,6329,4.192,-.474,.114,.354,1.441
010743319,15.277,14.541,14.302,14.154,15.035,13.131,12.692,12.627,14.594,.736,.504,2.65,5127,4.116,-.162,.136,.422,1.515
010743322,13.023,12.677,12.623,12.567,12.862,11.74,11.494,11.455,12.743,.346,.285,1.568,6301,4.184,-.218,.112,.348,1.455
010743330,14.521,13.978,13.804,13.694,14.303,12.739,12.339,12.287,14.019,.543,.452,2.234,5478,4.4,-.631,.105,.326,1.066
010743331,13.289,12.465,12.205,12.026,13.022,10.923,10.429,10.336,12.53,.824,.587,2.953,4906,3.361,-.039,.128,.397,4.083
010743378,13.452,12.973,12.859,12.774,13.257,11.845,11.544,11.509,13.036,.479,.336,1.943,5722,4.351,-.28,.088,.271,1.151
010743419,15.8,15.357,15.241,15.203,15.605,14.342,14.121,13.961,15.408,.443,.381,1.839,6235,4.653,.105,.161,.498,.812
010743433,15.917,15.429,15.264,15.169,15.722,14.242,13.91,13.792,15.46,.488,.45,2.125,5942,4.389,-.512,.177,.549,1.109
010743463,19.583,19.576,19.685,-9999,-9999,-9999,-9999,-9999,19.652,.007,-9999,-9999,-9999,-9999,-9999,-9999,-9999,-9999
010743471,15.335,14.77,14.587,14.473,15.118,13.535,13.215,13.118,14.812,.565,.417,2.217,5537,4.46,-.45,.129,.401,.995
010743515,12.611,11.669,11.363,11.153,12.319,9.992,9.444,9.333,11.738,.942,.659,3.278,4745,2.748,.158,.147,.455,8.419
010743554,16.168,15.65,15.512,15.434,15.954,14.483,14.122,14.175,15.709,.518,.308,1.993,5925,4.543,-.069,.17,.526,.918
010743570,13.197,12.796,12.695,12.654,13.017,11.778,11.515,11.595,12.846,.401,.183,1.602,6038,4.277,-.256,.099,.306,1.278
010743595,-9999,12.17,14.21,-9999,-9999,11.716,11.244,11.192,12.17,-9999,.524,-9999,-9999,-9999,-9999,-9999,-9999,-9999
010743615,15.451,14.995,14.842,14.776,15.246,13.912,13.583,13.586,15.025,.456,.326,1.865,5959,4.541,-.49,.147,.457,.922
010743634,12.319,12.002,11.936,11.927,12.154,11.103,10.897,10.871,12.051,.317,.232,1.448,6344,4.177,-.189,.093,.287,1.47
010743645,15.385,14.928,14.805,14.75,15.181,13.867,13.612,13.707,14.979,.457,.16,1.678,6095,4.486,-.074,.156,.483,.992
010743669,14.46,14.094,14.004,13.961,14.275,13.112,12.867,12.862,14.14,.366,.25,1.598,6380,4.34,-.169,.15,.466,1.2
010743680,15.562,15.085,14.926,14.825,15.356,13.946,13.598,13.576,15.117,.477,.37,1.986,5899,4.456,-.543,.157,.487,1.02
010743683,15.372,14.768,14.595,14.506,15.152,13.608,13.218,13.215,14.828,.604,.393,2.157,5469,4.684,-.054,.105,.326,.746
010743686,13.762,12.791,12.428,12.187,13.45,11.025,10.362,10.256,12.828,.971,.769,3.506,4636,2.614,-.298,.192,.595,9.768
010743846,13.375,12.936,12.823,12.792,13.164,11.901,11.634,11.586,12.989,.439,.315,1.789,5943,4.288,-.081,.099,.307,1.255
010743870,15.358,14.862,14.733,14.659,15.14,13.782,13.487,13.56,14.921,.496,.222,1.798,5924,4.53,-.032,.143,.442,.933
010743904,15.188,14.702,14.543,14.454,14.973,13.618,13.278,13.3,14.737,.486,.318,1.888,5894,4.371,-.338,.151,.469,1.131
010743932,16.093,15.507,15.332,15.201,15.866,14.255,13.887,13.858,15.56,.586,.397,2.235,5560,4.552,-.297,.149,.46,.889
010743946,15.74,15.296,15.159,15.088,15.543,14.24,13.938,13.906,15.333,.444,.334,1.834,6005,4.732,-.474,.142,.439,.729
010743955,13.067,12.688,12.598,12.558,12.877,11.691,11.467,11.423,12.739,.379,.268,1.644,6137,4.194,-.222,.106,.329,1.427
010744040,14.229,13.727,13.593,13.537,14.032,12.612,12.298,12.275,13.784,.502,.337,1.954,5694,4.597,-.189,.089,.277,.849
010744042,11.967,11.708,11.704,11.725,11.833,10.917,10.816,10.759,11.772,.259,.158,1.208,6692,4.202,.06,.092,.284,1.447
010744084,12.762,12.342,12.258,12.234,12.56,11.398,11.156,11.131,12.409,.42,.267,1.631,5981,4.397,.046,.074,.231,1.1
010744090,14.251,13.931,13.878,13.885,14.075,13.098,12.906,12.929,13.99,.32,.169,1.322,6645,4.458,.138,.142,.441,1.051
010744119,13.042,12.721,12.658,12.642,12.88,11.83,11.641,11.586,12.773,.321,.244,1.456,6416,4.269,-.164,.11,.34,1.312
010744149,14.235,13.773,13.646,13.573,14.038,12.712,12.387,12.33,13.822,.462,.382,1.905,5751,4.665,-.491,.088,.271,.782
010744150,16.375,15.831,15.666,15.596,16.166,14.724,14.38,14.413,15.878,.544,.311,1.962,5735,4.902,-.087,.133,.413,.58
010744173,14.045,13.636,13.541,13.513,13.849,12.679,12.419,12.358,13.692,.409,.321,1.687,6082,4.566,-.082,.102,.317,.899
010744176,13.468,12.907,12.761,12.708,13.261,11.782,11.457,11.38,12.973,.561,.402,2.088,5488,4.564,.003,.063,.195,.87
010744192,16.171,15.623,15.459,15.365,15.937,14.476,14.083,14.061,15.672,.548,.415,2.11,5775,4.595,-.107,.159,.492,.855
010744218,15.148,14.623,14.492,14.437,14.917,13.516,13.182,13.182,14.689,.525,.334,1.966,5778,4.571,.003,.125,.386,.881
010744246,12.245,11.484,11.291,11.17,11.989,10.14,9.734,9.608,11.577,.761,.532,2.637,5141,3.555,.432,.089,.277,3.209
010744297,14.254,13.777,13.655,13.615,14.05,12.746,12.483,12.403,13.835,.477,.343,1.851,5812,4.667,-.074,.089,.277,.783
010744309,14.534,13.978,13.834,13.781,14.33,12.878,12.548,12.483,14.044,.556,.395,2.051,5541,4.847,.01,.072,.222,.611
010744320,15.84,15.311,15.164,15.093,15.641,14.179,13.814,13.778,15.367,.529,.401,2.062,5629,5.043,-.246,.098,.304,.481
010744335,16.314,15.748,15.584,15.505,16.09,14.534,14.237,14.207,15.803,.566,.327,2.107,5733,4.647,-.035,.156,.484,.799
010744342,13.849,13.596,13.565,13.572,13.706,12.826,12.634,12.608,13.66,.253,.218,1.241,6961,4.252,-.045,.161,.5,1.375
010744372,16.239,15.678,15.528,15.449,16.044,14.599,14.143,14.154,15.741,.561,.445,2.085,5640,4.975,-.07,.117,.363,.525
010744479,15.53,15.122,15.021,15.005,15.341,14.18,13.808,13.912,15.174,.408,.268,1.618,6339,4.585,-.018,.163,.506,.888
010744494,15.772,15.174,15.037,14.964,15.578,14,13.685,13.685,15.258,.598,.315,2.087,5517,4.936,.082,.098,.305,.544
010744500,14.277,13.91,13.82,13.806,14.111,12.967,12.708,12.644,13.957,.367,.323,1.633,6263,4.587,-.259,.116,.36,.883
010744554,14.455,13.66,13.411,13.276,14.185,12.189,11.769,11.64,13.724,.795,.549,2.815,5111,3.654,.165,.153,.476,2.819
010744575,14.607,14.182,14.061,14.018,14.465,13.137,12.856,12.801,14.225,.425,.336,1.806,6143,4.337,-.293,.146,.452,1.192
010744632,13.036,12.589,12.462,12.446,12.848,11.567,11.291,11.243,12.634,.447,.324,1.793,5843,4.362,-.187,.08,.247,1.141
010744641,13.464,12.515,12.193,12.008,13.176,10.843,10.295,10.175,12.575,.949,.668,3.289,4763,2.924,.129,.165,.51,6.907
010744668,13.851,13.436,13.319,13.295,13.685,12.474,12.141,12.137,13.478,.415,.337,1.714,5998,4.542,-.29,.095,.295,.922
010744713,14.812,14.392,14.274,14.241,14.658,13.377,13.089,13.112,14.435,.42,.265,1.7,6178,4.462,-.204,.142,.442,1.025
010744768,13.947,13.374,13.22,13.161,13.715,12.243,11.955,11.888,13.438,.573,.355,2.059,5660,4.196,.252,.112,.347,1.396
010744778,15.775,15.051,14.823,14.702,15.49,13.653,13.195,12.394,15.108,.724,1.259,3.381,5164,4.477,-.134,.12,.371,.942
010744779,13.695,13.271,13.187,13.164,13.553,12.332,12.035,11.923,13.339,.424,.409,1.772,6051,4.496,-.087,.096,.297,.977
010744782,13.982,13.487,13.354,13.287,13.777,12.416,12.093,12.035,13.542,.495,.381,1.947,5657,4.644,-.3,.078,.241,.799
010744786,16.331,15.821,15.689,15.597,16.134,14.644,14.342,14.384,15.882,.51,.26,1.947,6009,4.573,-.044,.178,.551,.888
010744788,15.882,15.252,15.013,14.866,15.663,13.833,13.407,13.353,15.274,.63,.48,2.529,5267,4.407,-.834,.139,.431,1.039
010744805,15.076,14.646,14.52,14.476,14.884,13.617,13.282,13.295,14.687,.43,.322,1.781,6071,4.615,-.263,.132,.41,.845
010744820,14.917,14.395,14.242,14.176,14.692,13.266,12.93,12.858,14.445,.522,.408,2.059,5740,4.492,-.114,.123,.381,.969
010744834,14.49,14.059,13.973,13.918,14.296,13.051,12.778,12.691,14.128,.431,.36,1.799,6090,4.539,-.025,.119,.37,.929
010744844,15.397,14.788,14.588,14.487,15.175,13.518,13.115,13.102,14.831,.609,.416,2.295,5366,4.567,-.409,.113,.349,.857
010744857,15.053,14.62,14.533,14.453,14.862,13.631,13.358,13.324,14.689,.433,.307,1.729,6203,4.446,-.039,.153,.476,1.047
010744893,15.661,15.146,15.051,14.961,15.435,14.063,13.776,13.653,15.234,.515,.41,2.008,5942,4.564,.046,.151,.469,.894
010744930,16.053,15.544,15.429,15.351,15.832,14.46,14.147,14.051,15.616,.509,.409,2.002,5979,4.656,.073,.158,.491,.8
010745005,12.285,12.039,12.029,12.027,12.149,11.278,11.087,11.06,12.101,.246,.218,1.225,6774,4.108,-.07,.113,.352,1.639
010745012,15.377,14.86,14.706,14.625,15.189,13.707,13.352,13.319,14.907,.517,.388,2.058,5632,4.836,-.415,.102,.317,.626
010745056,15.67,15.155,15.006,14.951,15.446,14.06,13.724,13.644,15.206,.515,.416,2.026,5827,4.679,-.067,.136,.42,.772
010745059,14.672,14.194,14.079,14.001,14.479,13.147,12.867,12.862,14.257,.478,.285,1.81,5883,4.576,-.099,.113,.351,.88
010745065,14.081,13.821,13.785,13.765,13.946,12.968,12.795,12.737,13.886,.26,.231,1.344,7033,4.07,-.101,.191,.592,1.739
010745115,12.721,12.301,12.205,12.146,12.542,11.262,10.983,10.93,12.36,.42,.332,1.791,5893,4.333,-.299,.076,.235,1.186
010745154,15.909,15.411,15.298,15.232,15.688,14.346,14.073,13.951,15.481,.498,.395,1.958,6025,4.649,.13,.156,.483,.808
010745159,11.642,11.52,11.578,11.623,11.546,10.9,10.811,10.775,11.551,.122,.125,.867,7502,3.91,.06,.138,.428,2.211
010745242,12.647,11.468,-9999,-9999,-9999,9.168,8.484,8.353,11.165,1.179,.815,4.294,-9999,-9999,-9999,-9999,-9999,-9999
010745278,14.447,14.092,14.017,13.973,14.288,13.182,12.926,12.881,14.146,.355,.301,1.566,6467,4.392,-.128,.149,.463,1.13
010745334,14.294,13.925,13.843,13.822,14.119,12.99,12.772,12.733,13.978,.369,.257,1.561,6287,4.608,-.12,.116,.36,.862
010745336,14.181,13.362,13.133,12.899,13.977,11.734,11.166,11.13,13.447,.819,.604,3.051,4892,3.558,-.164,.142,.439,3.183
010745365,15.087,14.622,14.492,14.408,14.883,13.555,13.244,13.224,14.671,.465,.331,1.863,5961,4.512,-.236,.138,.428,.955
010745390,16.132,15.646,15.507,15.464,15.92,14.553,14.25,14.242,15.695,.486,.311,1.89,6053,4.65,-.001,.166,.516,.809
010745393,16.281,15.696,15.554,15.464,16.077,14.502,14.102,14.173,15.772,.585,.329,2.108,5595,4.881,-.034,.125,.389,.589
010745475,16.107,15.541,15.336,15.253,15.894,14.297,13.882,13.695,15.567,.566,.602,2.412,5641,4.485,-.398,.162,.502,.973
010745501,13.949,13.462,13.333,13.262,13.738,12.407,12.076,12.012,13.518,.487,.395,1.937,5731,4.472,-.257,.093,.29,.993
010745502,15.867,15.322,15.173,15.085,15.652,14.163,13.781,13.704,15.381,.545,.459,2.163,5662,4.834,-.142,.119,.37,.629
010745503,14.576,13.951,13.771,13.689,14.348,12.651,12.23,12.212,14.013,.625,.439,2.364,5310,4.455,-.186,.093,.288,.982
010745513,15.64,15.037,14.889,14.791,15.396,13.898,13.528,13.462,15.114,.603,.436,2.178,5624,4.55,.136,.136,.421,.896
010745527,15.183,14.781,14.683,14.642,14.984,13.833,13.583,13.525,14.833,.402,.308,1.658,6270,4.65,-.025,.142,.441,.817
010745537,15.838,15.284,15.172,15.021,15.617,14.198,13.835,13.717,15.372,.554,.481,2.121,5802,4.503,-.029,.157,.488,.959
010745554,12.418,11.689,11.45,11.319,12.134,10.278,9.807,9.708,11.741,.729,.57,2.71,5144,3.14,-.098,.135,.418,5.38
010745578,15.985,15.463,15.299,15.261,15.759,14.361,14.069,14.162,15.504,.522,.199,1.823,5965,4.482,.057,.173,.536,.99
010745616,13.166,12.203,11.869,11.645,12.885,10.492,9.855,9.753,12.258,.963,.739,3.413,4627,2.856,-.074,.15,.467,7.433
010745628,16.149,15.633,15.5,15.408,15.947,14.486,14.147,14.089,15.695,.516,.397,2.06,5890,4.698,-.087,.154,.478,.755
010745663,14.801,14.286,14.149,14.072,14.586,13.253,12.897,12.808,14.344,.515,.445,1.993,5754,4.591,-.076,.111,.343,.859
010745688,15.255,14.708,14.562,14.513,15.031,13.586,13.266,13.211,14.77,.547,.375,2.044,5717,4.634,.068,.119,.37,.811
010745699,16.071,15.591,15.481,15.404,15.852,14.548,14.217,14.124,15.658,.48,.424,1.947,6098,4.638,.046,.168,.519,.822
010745746,14.798,14.157,13.977,13.825,14.56,12.907,12.531,12.5,14.223,.641,.407,2.298,5354,4.322,-.141,.113,.351,1.165
010745765,14.531,14.045,13.901,13.829,14.335,13.018,12.635,12.663,14.09,.486,.355,1.868,5812,4.485,-.247,.114,.354,.98
010745775,10.735,9.775,9.489,9.295,10.447,8.114,7.586,7.458,9.863,.96,.656,3.277,4652,2.511,.284,.097,.299,11.007
010745796,12.889,12.587,12.546,12.567,12.729,11.788,11.585,11.558,12.649,.302,.23,1.331,6427,4.667,-.018,.074,.23,.805
010745797,15.267,14.764,14.652,14.615,15.044,13.75,13.396,13.365,14.837,.503,.385,1.902,5913,4.73,.179,.12,.372,.727
010745819,16.463,15.867,15.73,15.656,16.207,14.75,14.337,14.374,15.95,.596,.376,2.089,5738,4.663,.139,.16,.497,.783
010745843,13.244,12.916,12.851,12.854,13.076,12.035,11.813,11.773,12.969,.328,.262,1.471,6370,4.478,-.098,.097,.3,1.013
010745863,15.638,15.138,15.013,14.962,15.409,14.102,13.826,13.698,15.201,.5,.404,1.94,6007,4.632,.195,.147,.456,.825
010745876,14.805,14.298,14.159,14.105,14.59,13.215,12.9,12.798,14.352,.507,.417,2.007,5789,4.566,-.042,.115,.355,.887
010745883,15.944,15.474,15.327,15.269,15.744,14.417,14.14,14.044,15.512,.47,.373,1.9,6034,4.693,-.165,.155,.48,.766
010745891,15.637,14.874,14.65,14.515,15.425,13.515,13.021,13,14.946,.763,.515,2.637,5061,4.511,.005,.106,.329,.893
010745900,16.329,15.722,15.571,15.518,16.11,14.608,14.224,14.009,15.798,.607,.599,2.32,5603,4.859,.15,.129,.399,.606
010745906,15.899,15.376,15.24,15.183,15.692,14.253,13.913,13.801,15.437,.523,.452,2.098,5813,4.772,-.043,.134,.416,.686
010745985,13.732,13.443,13.406,13.392,13.586,12.618,12.423,12.391,13.515,.289,.227,1.341,6746,4.271,-.055,.147,.457,1.329
010746090,15.78,15.306,15.181,15.109,15.589,14.214,13.891,13.965,15.361,.474,.249,1.815,6069,4.559,-.102,.164,.508,.906
010746136,15.571,15.114,15.01,14.943,15.382,14.092,13.773,13.821,15.178,.457,.271,1.75,6116,4.644,-.027,.15,.465,.817
010746138,15.133,14.623,14.491,14.445,14.927,13.579,13.246,13.194,14.683,.51,.385,1.939,5689,4.971,-.12,.086,.267,.53
010746148,15.439,14.966,14.872,14.843,15.246,13.945,13.714,13.776,15.042,.473,.169,1.663,6105,4.649,.163,.143,.444,.812
010746152,15.15,14.574,14.433,14.349,14.935,13.426,13.07,13.028,14.648,.576,.398,2.122,5539,4.76,-.006,.096,.298,.683
010746173,14.164,13.748,13.649,13.622,13.982,12.766,12.461,12.422,13.803,.416,.344,1.742,6023,4.687,-.146,.094,.291,.772
010746222,15.786,15.287,15.148,15.106,15.578,14.252,13.888,13.936,15.339,.499,.316,1.85,5942,4.742,.04,.139,.431,.717
010746223,13.912,13.176,12.928,12.792,13.689,11.711,11.211,11.151,13.223,.736,.56,2.761,4955,4.036,-.353,.091,.282,1.677
010746265,14.784,13.931,13.648,13.476,14.537,12.365,11.791,11.704,13.989,.853,.661,3.08,4855,3.743,-.112,.141,.438,2.493
010746308,14.475,13.889,13.756,13.683,14.282,12.753,12.419,12.365,13.972,.586,.388,2.11,5455,4.907,.09,.063,.195,.561
010746310,14.083,13.599,13.497,13.467,13.89,12.599,12.336,12.378,13.673,.484,.221,1.705,5862,4.703,.171,.083,.258,.749
010746361,14.475,14.126,14.04,14.034,14.338,13.191,12.938,12.977,14.17,.349,.214,1.498,6524,4.367,-.169,.156,.484,1.169
010746480,16.189,15.61,15.433,15.416,15.977,14.471,14.153,13.955,15.66,.579,.516,2.234,5785,4.563,.117,.164,.508,.89
010775328,13.535,13.115,13.021,13.005,13.328,12.188,11.909,11.881,13.175,.42,.307,1.654,5975,4.462,-.016,.078,.241,1.015
010775472,15.365,15.406,15.477,15.498,15.295,14.888,14.914,14.787,15.396,-.041,.101,.578,8110,3.801,-.502,.135,.419,2.679
010775531,15.874,15.244,15.119,15.091,15.658,14.259,13.782,13.673,15.346,.63,.586,2.201,5542,4.582,.122,.105,.327,.855
010775536,13.738,12.695,12.345,12.136,13.396,10.98,10.33,10.191,12.763,1.043,.789,3.547,4549,2.072,.178,.134,.417,18.378
010775599,14.335,13.927,13.84,-9999,-9999,12.827,12.52,12.466,13.989,.408,.361,1.869,-9999,-9999,-9999,-9999,-9999,-9999
010775621,12.894,12.193,11.97,-9999,-9999,11.052,10.567,10.494,12.247,.701,.558,2.4,-9999,-9999,-9999,-9999,-9999,-9999
010775631,14.172,13.821,13.763,-9999,-9999,12.997,12.625,12.549,13.886,.351,.448,1.623,-9999,-9999,-9999,-9999,-9999,-9999
010775669,13.625,12.937,12.697,12.568,13.374,11.557,11.083,11.013,12.975,.688,.544,2.612,5056,3.648,-.533,.1,.309,2.838
010775736,15.278,14.753,14.6,14.555,15.043,13.653,13.323,13.282,14.803,.525,.371,1.996,5731,4.308,-.01,.115,.355,1.214
010775748,10.685,10.337,10.261,10.281,10.518,9.432,9.221,9.175,10.388,.348,.257,1.51,6052,4.285,-.168,.038,.116,1.266
010775762,14.011,13.701,13.662,-9999,-9999,15.495,14.664,14.137,13.768,.31,1.358,-.126,-9999,-9999,-9999,-9999,-9999,-9999
010775808,14.581,13.991,13.777,13.712,14.335,12.749,12.358,12.285,14.019,.59,.464,2.296,5427,3.929,-.284,.114,.352,1.969
010775857,13.797,12.926,12.651,12.457,13.444,11.397,10.855,10.75,12.995,.871,.647,3.047,4827,2.292,-.065,.135,.419,14.241
010775859,12.842,11.836,11.542,11.327,12.467,10.194,9.635,9.532,11.932,1.006,.662,3.31,4666,2.097,.284,.132,.41,17.872
010775894,12.943,12.581,12.494,12.452,12.759,11.66,11.369,11.333,12.629,.362,.327,1.61,6047,4.288,-.484,.078,.243,1.261
010775913,15.734,15.16,15.014,14.92,15.492,14.006,13.664,13.743,15.23,.574,.263,1.991,5581,4.395,-.043,.115,.355,1.081
010775968,10.678,10.578,10.722,10.703,10.549,10.063,9.951,9.935,10.603,.1,.128,.743,7486,3.837,-.086,.092,.284,2.429
010776009,12.999,12.109,11.869,11.62,12.71,10.541,9.961,9.852,12.208,.89,.689,3.147,4760,2.599,-.069,.125,.388,9.97
010776015,15.935,15.328,15.241,15.045,15.7,14.227,13.779,13.724,15.449,.607,.503,2.211,5516,4.449,-.077,.114,.352,1.007
010776136,14.174,13.339,13.08,12.89,13.959,11.867,11.384,11.275,13.408,.835,.592,2.899,4810,3.805,-.033,.091,.282,2.292
010776256,12.136,11.392,11.17,11.043,11.849,10.041,9.542,9.462,11.459,.744,.579,2.674,5115,2.886,.075,.112,.346,7.274
010776323,15.874,15.317,15.151,15.061,15.637,14.163,13.763,13.785,15.368,.557,.378,2.089,5586,4.385,-.218,.118,.366,1.095
010778943,12.542,10.608,-9999,-9999,-9999,7.493,6.724,6.508,10.047,1.934,.985,6.034,-9999,-9999,-9999,-9999,-9999,-9999
010778965,15.089,14.563,14.404,14.344,14.865,13.442,13.08,13.06,14.61,.526,.382,2.029,5665,4.375,-.182,.109,.339,1.114
010778969,12.668,11.821,11.533,11.352,12.339,10.294,9.768,9.676,11.874,.847,.618,2.992,4857,2.027,-.222,.141,.437,19.447
010778978,13.342,12.943,12.864,-9999,-9999,11.511,11.164,11.105,13.008,.399,.406,2.237,-9999,-9999,-9999,-9999,-9999,-9999
010779047,14.829,14.203,14.012,13.958,14.594,13.005,12.632,12.557,14.257,.626,.448,2.272,5407,4.263,.043,.101,.313,1.26
010779094,14.07,13.498,13.332,-9999,-9999,12.465,12.199,12.172,13.554,.572,.293,1.898,-9999,-9999,-9999,-9999,-9999,-9999
010779122,13.845,13.157,12.897,12.763,13.628,11.752,11.281,11.207,13.182,.688,.545,2.638,4858,4.428,-1.224,.051,.158,.964
010779177,12.313,11.599,11.358,11.238,12.051,10.198,9.728,9.657,11.645,.714,.541,2.656,5040,3.287,-.261,.094,.292,4.49
010779233,13.811,13.285,13.12,13.069,13.593,12.18,11.845,11.772,13.328,.526,.408,2.039,5564,4.276,-.278,.084,.261,1.252
010779265,16.177,15.489,15.258,15.201,15.969,14.194,13.685,13.654,15.534,.688,.54,2.523,5194,4.592,-.129,.103,.319,.816
010779266,16.079,15.21,14.879,14.701,15.864,13.688,13.137,13.061,15.239,.869,.627,3.018,4542,4.678,-1.305,.062,.193,.643
010779358,12.6,12.132,11.986,11.95,12.399,11.064,10.744,10.669,12.17,.468,.395,1.931,5669,4.142,-.411,.07,.216,1.498
010779416,15.412,14.886,14.687,14.617,15.212,13.721,13.3,13.342,14.904,.526,.379,2.07,5581,4.375,-.577,.114,.355,1.109
010779420,14.53,13.7,13.416,13.286,14.345,12.256,11.752,11.641,13.75,.83,.615,2.889,4777,4.241,-.122,.07,.216,1.231
010779479,12.759,12.037,11.789,11.672,12.489,10.669,10.199,10.08,12.08,.722,.589,2.679,5069,3.223,-.205,.109,.338,4.858
010779481,14.679,14.058,13.831,13.752,14.43,12.788,12.339,12.307,14.085,.621,.481,2.372,5335,3.907,-.347,.118,.366,2.025
010779537,12.89,12.055,11.788,11.621,12.629,10.567,10.08,9.926,12.119,.835,.641,2.964,4835,3.191,-.001,.104,.321,5.029
010779585,15.752,15.26,15.107,15.022,15.552,14.073,13.711,13.641,15.301,.492,.432,2.111,5738,4.431,-.502,.123,.38,1.044
010779655,14.669,14.128,13.982,13.882,14.433,13.022,12.701,12.63,14.188,.541,.392,2.039,5649,4.149,-.077,.114,.352,1.483
010779738,14.845,14.197,14.013,13.872,14.602,12.929,12.541,12.442,14.262,.648,.487,2.403,5312,4.024,-.15,.114,.353,1.728
010779762,16.03,15.413,15.255,15.137,15.781,14.205,13.836,13.83,15.487,.617,.375,2.2,5481,4.395,-.016,.122,.377,1.074
010779831,9.441,9.263,-9999,-9999,-9999,8.914,8.891,8.879,9.301,.178,.035,.562,-9999,-9999,-9999,-9999,-9999,-9999
010779870,15.78,15.201,15.013,14.92,15.552,13.964,13.635,13.644,15.243,.579,.32,2.136,5492,4.367,-.304,.119,.37,1.112
010779902,15.37,14.799,14.643,14.543,15.136,13.676,13.308,13.298,14.861,.571,.378,2.072,5561,4.4,-.094,.111,.344,1.074
010779905,13.493,13.185,13.15,-9999,-9999,12.135,11.932,11.852,13.254,.308,.283,1.641,-9999,-9999,-9999,-9999,-9999,-9999
010779913,14.126,13.371,13.124,12.971,13.828,11.948,11.462,11.394,13.424,.755,.554,2.732,5097,2.684,-.141,.144,.447,9.13
010780012,13.284,12.777,12.638,12.611,13.045,11.749,11.455,11.398,12.832,.507,.351,1.886,5760,3.986,.124,.097,.301,1.841
010780032,15.161,14.584,14.432,14.353,14.93,13.483,13.172,13.148,14.651,.577,.335,2.013,5653,4.292,.215,.115,.357,1.234
010780153,12.286,11.413,11.102,10.924,11.965,9.81,9.269,9.13,11.457,.873,.68,3.156,4760,2.241,-.257,.134,.417,15.094
010780227,12.251,10.723,9.749,9.23,11.805,7.762,6.878,6.636,10.499,1.528,1.126,5.615,3491,.411,.518,.134,.416,125.628
010780580,15.033,14.354,14.153,14.006,14.803,13.041,12.592,12.515,14.417,.679,.526,2.518,5153,4.303,-.285,.095,.295,1.176
010780620,16.276,15.754,15.588,15.515,16.062,14.685,14.362,14.266,15.795,.522,.419,2.01,5724,4.606,-.248,.124,.385,.842
010780632,12.784,12.029,11.81,11.671,12.515,10.675,10.207,10.128,12.102,.755,.547,2.656,5086,3.28,.123,.107,.332,4.533
